0;we;hannabrianna@hebert.com;84325313410
1;product;hfreeman@hotmail.com;80589739669
2;brother;mitchellthomas@yahoo.com;87705992375
3;involve;mharrison@craig.biz;87141260009
4;participant;jennifer16@hotmail.com;84209699459
5;movement;jill67@scott.org;80733580407
6;student;michaeldavis@cunningham.org;88236824013
7;new;rebeccamaynard@butler-patterson.biz;80845950688
8;nothing;jaysims@hotmail.com;85254897515
9;leader;johnjones@montgomery.com;81788889903
10;great;sampsonsara@rogers.com;84884569554
11;time;ellisontaylor@carter.org;80682892079
12;easy;jamesbowers@gmail.com;82324724298
13;leave;john88@hotmail.com;88584705471
14;rule;estone@montgomery-soto.com;83181880905
15;particularly;rburke@hotmail.com;83870389594
16;American;sierra33@gmail.com;87905302871
17;unit;suzanne92@yahoo.com;87693072338
18;price;scottjonathan@gmail.com;82410575472
19;arm;jonathan14@hotmail.com;81972803022
20;project;thomaslisa@wiley.com;80835365115
21;industry;iscott@gmail.com;82098708521
22;cultural;uporter@harris.com;82156273974
23;long;nicholevargas@hotmail.com;82260989504
24;attack;fmoore@koch.info;80718722546
25;who;erik89@perez.info;84621538001
26;hair;anthony58@johnson.com;80740281388
27;statement;brandy13@simpson.com;85833465180
28;foot;jamie54@combs-peters.biz;80019659184
29;section;kevinballard@brown.com;82199104715
30;stock;david93@dawson.org;88039654004
31;economy;johnmartin@yahoo.com;84484910053
32;which;jimenezgerald@yahoo.com;80753673661
33;sign;melissahanson@yahoo.com;82461401225
34;similar;dmoore@yahoo.com;86555245583
35;market;dawnburns@perez.com;86930297460
36;stuff;qporter@collier.com;81648481210
37;present;mhenderson@hotmail.com;87107550123
38;weight;williammooney@gmail.com;86518608741
39;development;jenniferstone@gmail.com;84528456230
40;account;rodrigueztyler@sanchez.net;83124649488
41;with;akelley@gmail.com;89506148998
42;tell;andreasmith@lee.com;81326684346
43;carry;richmondbrandy@bell.com;85326328345
44;season;krista55@hotmail.com;82007825936
45;of;mikayla27@garcia.biz;83320918432
46;far;dwaynejohnson@yahoo.com;81351110157
47;age;julie74@gmail.com;82827768439
48;bed;wrichards@hotmail.com;80502829011
49;water;cruzsteven@martinez.biz;87726104497
50;executive;alexanderkyle@yahoo.com;89842297601
51;back;nlee@allen.org;83448816700
52;find;briannawilliams@hotmail.com;82987724369
53;maintain;xmiller@yahoo.com;89028797531
54;from;ihuerta@bowman-madden.com;89487001058
55;wife;darlenehartman@gmail.com;86398559458
56;election;jonathanstevens@miller-dawson.org;84917982322
57;course;bettythompson@yahoo.com;81431224115
58;there;reedmichael@gibbs.info;83359863917
59;address;michellethompson@gmail.com;82628290751
60;still;ryan12@sanders.com;81290134859
61;four;michael98@hotmail.com;80370256191
62;environmental;david75@roberts-davis.com;86756261040
63;such;jason72@smith.com;82878809317
64;color;johnsingh@yahoo.com;85298734815
65;company;martinezadam@knapp.com;84846556773
66;create;simsjames@clark.info;82582912975
67;arrive;karenchavez@williams.com;83868211252
68;themselves;eblack@gmail.com;88289620503
69;range;terrymichelle@gmail.com;83090983005
70;here;samuelsimmons@gmail.com;86381508777
71;everyone;brett30@adams.com;89823196653
72;quality;vdiaz@gmail.com;81231325080
73;like;tamara31@yahoo.com;82154412394
74;education;sandramitchell@anderson.com;88472232041
75;mention;julieevans@hotmail.com;82387668716
76;soldier;dawn62@hotmail.com;80034630105
77;prove;cheryl54@hughes.info;81376972322
78;real;jennifer91@gmail.com;84384255699
79;success;ryancraig@gmail.com;88713807511
80;church;trujillojo@fisher.com;82529160744
81;family;spencerlaura@adams.com;89172066146
82;own;brianwatson@kennedy.com;88991353197
83;name;millerjoseph@hotmail.com;86871187200
84;both;michelle11@brown.com;86449944574
85;section;madeline64@hotmail.com;80746407732
86;history;tammybarnett@gmail.com;81312988591
87;you;jacksonlaurie@yahoo.com;82576836157
88;section;lnielsen@gmail.com;80179337067
89;amount;eric72@hotmail.com;80535959370
90;north;dawn49@gmail.com;82246615989
91;up;toddsoto@keller-cooper.com;80149500275
92;after;williamstravis@hotmail.com;81252763054
93;seat;jamiegonzales@jackson.com;84688540686
94;at;gibsonthomas@hughes.net;80524440337
95;despite;matthew31@wood.org;80988907024
96;against;jacksonnatalie@valentine.com;81072021161
97;as;eadams@cook.biz;87884170429
98;spring;leonardjeffrey@riley.com;81919220454
99;human;ashleybowman@romero.com;84013097814
100;item;jason12@dalton-macias.com;89742261345
101;member;sandrawhite@hamilton-frederick.org;82838021793
102;keep;klopez@lopez-rodriguez.net;87740535653
103;relationship;vpowell@reyes-hunter.biz;81595280335
104;set;erikaferguson@vincent.com;84918410633
105;thought;browndaniel@jackson-barber.com;87633887282
106;local;crystal46@garcia-steele.com;82521345233
107;structure;uruiz@townsend-thompson.com;85570012549
108;instead;steven72@jordan.info;89492315205
109;example;barnesjoseph@hotmail.com;82525595479
110;fact;xsmith@leblanc.com;82311031687
111;strong;nguyencheryl@short.com;89508917341
112;race;allisonsexton@young.com;83398823153
113;see;meyerkevin@coleman-flores.com;82798740760
114;up;probinson@franklin-harrison.com;80134724300
115;itself;derekrogers@harris-peters.com;83024463068
116;even;rlee@ramos.com;88306999250
117;they;coxsuzanne@hotmail.com;81192483786
118;reduce;mhardy@thomas.info;82411368274
119;meet;rodriguezeric@yahoo.com;80603096841
120;measure;kara88@reese.biz;89766023020
121;argue;josephtownsend@davis.org;85344342718
122;while;kstephens@reyes.net;83954215832
123;real;qanderson@hotmail.com;86975438037
124;skin;stevensonryan@walker-kemp.info;80263740876
125;rock;wfowler@yahoo.com;89714657734
126;beyond;hayesmichael@yahoo.com;85405528306
127;general;susanguerrero@hotmail.com;87103591688
128;whose;michelle66@gmail.com;82498838107
129;commercial;schavez@garcia.net;89491103607
130;drug;kiara53@gmail.com;85077050746
131;drug;robert20@yahoo.com;82406427157
132;activity;yorkvanessa@yahoo.com;85955010659
133;lot;teresacooper@mccoy-lee.biz;85253520460
134;grow;nicholsjustin@yahoo.com;83835894950
135;language;linda63@dixon.info;84296939045
136;issue;vpage@yahoo.com;87885698783
137;doctor;mnorton@hayes.net;81167446703
138;risk;carpenterjohn@hotmail.com;89135716352
139;car;rcharles@holden.com;86220863319
140;keep;anthonyvalencia@yahoo.com;85459544571
141;each;william77@gmail.com;86237297353
142;unit;breyes@hotmail.com;86766593093
143;direction;debbie85@taylor-smith.com;85035830924
144;still;barrysavannah@sanchez.biz;85236137345
145;oil;edward27@yahoo.com;84331544699
146;charge;jacobleonard@daniels.com;83000046308
147;several;klinepatrick@gmail.com;81034731930
148;administration;amber95@hotmail.com;83469269208
149;realize;alexawilliams@hotmail.com;85130805528
150;such;thomasalexandra@yahoo.com;86316331020
151;church;lopeztony@ray-holloway.info;83181118230
152;political;vbrown@hotmail.com;88168385022
153;physical;william12@sanders-carey.com;83147089828
154;window;gomezangela@martinez.org;84752887856
155;spring;angelasmith@hotmail.com;81497098033
156;great;darrell03@allen.com;86413003572
157;raise;jessica21@yahoo.com;87097110804
158;whose;clintonbarrett@yahoo.com;80367053688
159;couple;gregory14@ramsey.com;87713934825
160;including;jonescody@hotmail.com;87595832633
161;place;adrian22@hendricks.com;88422483421
162;science;holmestanya@hotmail.com;89786502977
163;street;kimberlyray@yahoo.com;86277681890
164;senior;bridgetclark@yahoo.com;83662909079
165;like;akeller@marquez.net;88149267900
166;ago;anthonydixon@davidson.com;82080678082
167;big;fernandezkevin@gmail.com;82466013146
168;later;johnreynolds@hotmail.com;87242202667
169;national;yoderbarbara@nash.com;80950197859
170;peace;paul91@martin-nunez.com;86486986223
171;week;allison86@bradshaw-silva.com;87976071466
172;pattern;clarkchristopher@hotmail.com;81693034012
173;meet;charlesjenkins@oconnor.net;89147550633
174;maybe;inguyen@doyle.net;85089545861
175;live;rangellaura@sellers-brown.com;89410865235
176;worker;rreynolds@salas.org;88640250839
177;really;erinallen@crawford.org;82898645415
178;student;zrandolph@gmail.com;84415707427
179;though;ewebb@jones.net;80452377417
180;civil;aaron78@yahoo.com;83140873174
181;red;joe21@jensen.biz;89421957994
182;summer;john55@hotmail.com;82371034327
183;ball;wrobertson@hotmail.com;81743223773
184;laugh;karenpatton@turner.biz;82700357858
185;true;laura42@osborne-gardner.com;89316534210
186;town;gabriel58@yahoo.com;83447295508
187;in;pattersonmegan@dean-flynn.com;82719038353
188;professor;quinnjaclyn@gmail.com;88691733122
189;consumer;wardjeffrey@bailey.com;84493577040
190;trade;deannamills@jackson.org;85923610907
191;either;manuel94@white.info;89963042286
192;debate;anasharp@mason.org;83390819752
193;a;zacharymiller@hotmail.com;83566417541
194;family;rfoster@yahoo.com;89066550509
195;admit;munozcheryl@rodriguez.com;83963004050
196;commercial;jacquelinesutton@hotmail.com;88414413073
197;together;devinhernandez@gmail.com;88597124025
198;probably;vargasjaime@gmail.com;81228561751
199;probably;lwright@yahoo.com;88291422909
200;reveal;iweeks@shelton.info;83213555337
201;through;mramsey@hotmail.com;80569834000
202;land;sarahrodriguez@lopez.info;88289156649
203;energy;sancheztiffany@gmail.com;82028219722
204;standard;scott95@hotmail.com;87316618773
205;election;tcross@robinson-miller.com;86034526017
206;buy;brianwarner@hotmail.com;89422163850
207;its;hhicks@hudson.net;83877214739
208;give;montgomeryedward@brown.com;84586138087
209;society;ebaker@yahoo.com;88877335560
210;sit;lindsayadams@gmail.com;88318706593
211;surface;johnlewis@yahoo.com;85431979951
212;represent;washingtonwilliam@russell-landry.com;89953130924
213;dinner;lsmith@sullivan.com;87092549680
214;enter;fgarner@yahoo.com;83688599937
215;sign;deborah31@gmail.com;84364194029
216;require;ncooper@gmail.com;87213007249
217;and;rortiz@hotmail.com;85486396894
218;view;pattersondonna@porter-rivera.biz;89306552997
219;director;dianawhite@hotmail.com;81147594062
220;range;kristinedaugherty@yahoo.com;89137721380
221;history;hubbarddenise@santiago.com;89113220469
222;population;kbaker@gmail.com;82151825884
223;serious;delacruzgabrielle@hotmail.com;82550732141
224;painting;samantha69@yahoo.com;89347702858
225;phone;holly54@king-allen.biz;87264671914
226;run;ryanbrown@yahoo.com;81084088876
227;issue;gary73@ayala.biz;88703251549
228;source;holmeschristine@gmail.com;88853411459
229;full;joshuamoran@gmail.com;80200448066
230;phone;kevinpeterson@harvey.net;89895306834
231;member;lperez@ayers.org;83046465808
232;notice;deborahmalone@strong.com;85568746381
233;side;anthony18@yahoo.com;86764389699
234;brother;sandramccoy@hotmail.com;83153149404
235;heavy;williammorrow@jefferson-mitchell.com;80521084857
236;leave;robertboyd@brown-blackburn.org;82563235788
237;open;juliajones@gray-hall.com;89171081259
238;also;zfowler@yahoo.com;82390264957
239;account;hgraham@gmail.com;89414283076
240;agent;matthew91@rich.net;85975534244
241;much;nicholaspham@gmail.com;85496299742
242;mention;christopher08@yahoo.com;86934071703
243;with;scottmaria@gmail.com;84379276553
244;gun;mcdonaldjose@jenkins.com;87588291653
245;anyone;lking@smith-quinn.net;86839749596
246;light;hjones@williams-phillips.com;83548158905
247;shake;frivera@perez.net;85725637987
248;rock;orodgers@smith-smith.com;81844396984
249;company;christopher14@gmail.com;86296175000
250;determine;jacob23@castillo-mitchell.com;84791769585
251;compare;joel97@hotmail.com;84732112076
252;raise;tannerrobert@velez.info;86531828778
253;major;christopherdavis@barnes.com;80997394219
254;toward;aaron53@hotmail.com;87161964073
255;day;tara06@walker.com;86464787962
256;past;michellegarrison@mays.com;83786365299
257;focus;carmen60@yahoo.com;83294694354
258;focus;andrew44@horn.com;82184624033
259;growth;gmyers@gray-brandt.biz;84523634234
260;many;traceymeyer@gmail.com;87553180273
261;low;hollydavis@yahoo.com;88340503166
262;great;hcook@yahoo.com;87204454691
263;someone;jonesdestiny@hughes.biz;83729273785
264;movement;christine54@ford.com;87391364163
265;let;randy94@yahoo.com;86881286050
266;usually;medinarebecca@hotmail.com;80276951875
267;appear;watkinscynthia@gmail.com;85681154755
268;how;hamptonandrew@parrish.com;81889306480
269;large;darlene88@snyder-house.org;84166388631
270;great;obrown@hotmail.com;81242774724
271;power;lfranklin@lee.com;87529571988
272;policy;williamcasey@hotmail.com;89684850168
273;it;tvasquez@wright-coleman.com;81056955016
274;cover;zpham@gmail.com;82860583443
275;we;lopezjoseph@garcia.com;80619626489
276;usually;zdouglas@smith-long.com;82172703780
277;operation;stevendunn@gmail.com;82655681547
278;area;michaelbrooks@chapman-gamble.com;88062807286
279;bank;brittanyleach@yahoo.com;82353949590
280;civil;derekpugh@morgan-baker.com;80327911569
281;fill;ndennis@gmail.com;88170481564
282;wear;michelledavid@houston.com;82485087201
283;church;boydkatherine@yahoo.com;86132607755
284;but;clayton58@yahoo.com;87759084913
285;husband;reeddonald@ellis-mccarthy.net;89209897600
286;activity;martinderrick@hotmail.com;81017338541
287;science;elizabeth02@gmail.com;89266263621
288;ok;john14@gmail.com;82431434721
289;knowledge;robertmiller@singh.com;83069307102
290;fire;vwilliams@hotmail.com;84270147486
291;range;grodgers@hotmail.com;84581421046
292;cold;bmalone@yahoo.com;82220321968
293;job;smithstephanie@gmail.com;83788447103
294;agent;helen28@hotmail.com;80185272372
295;everything;matthewwhitney@ray.com;85714828066
296;area;ypalmer@black.com;89656625357
297;chance;kristinhamilton@smith.com;86044071867
298;sense;davilamatthew@johnson-collins.com;85777332585
299;simply;katherine86@krueger.com;84642691244
300;necessary;kathleen07@kim-mccoy.biz;88576879224
301;board;joshuadrake@yahoo.com;87980365291
302;final;taylorrojas@elliott-hicks.com;83183448513
303;always;brian52@ellis.biz;87891101945
304;others;lbanks@yahoo.com;88598905595
305;when;munozjeffrey@gmail.com;88474775131
306;involve;oeaton@yahoo.com;84521337016
307;religious;livingstonsamantha@hill.com;80660228654
308;science;joshua22@gonzalez-green.com;80475280315
309;consider;hurstbrian@yahoo.com;88345422782
310;all;stephanie45@warner-brewer.org;87269770973
311;although;regina18@morse.com;88395085140
312;maintain;brian96@gmail.com;85027254705
313;here;johnsonpatricia@gmail.com;85892733052
314;foreign;qsmith@gmail.com;85272767454
315;plant;angiewillis@hernandez.com;84658592445
316;her;freemanjeffrey@yahoo.com;82001604949
317;need;anthony45@mcgrath.com;81201746270
318;doctor;cholmes@moore-cruz.com;86525225455
319;serious;allenjoan@gmail.com;85680687292
320;chance;zcastillo@romero.info;88696681682
321;treatment;cynthia06@gmail.com;89654883482
322;middle;samuel67@gmail.com;83938465113
323;treat;gonzalezsean@gmail.com;88523995061
324;land;kimberly09@anderson-rodriguez.biz;82061087985
325;every;ellismisty@lopez.org;86626456207
326;environment;cherylgallagher@fernandez-howard.com;82428478538
327;too;hhampton@gmail.com;87271392165
328;they;keith91@yahoo.com;86787263217
329;lay;jessica17@cherry-parrish.net;85576627987
330;TV;rebeccavalentine@yahoo.com;87872596912
331;fast;kgill@hartman.com;82098116692
332;staff;samuelramsey@collier-martin.com;82748052137
333;realize;alyssa20@hotmail.com;89458016089
334;brother;sanderskelly@yahoo.com;86602342983
335;have;charles52@hernandez-adams.com;88848149257
336;project;peterenglish@watkins.info;82268197377
337;begin;jessicataylor@hopkins-moreno.biz;80738839515
338;century;denise62@reyes.info;81960175277
339;light;henry29@kline.com;85371426027
340;a;agutierrez@oconnor-ward.info;87023006972
341;fly;woodssamantha@young.com;89198531249
342;upon;rogersjason@gmail.com;83654193529
343;fly;nancy40@taylor.com;88900294759
344;degree;zachary05@gmail.com;80254694419
345;apply;xolson@hotmail.com;89425807338
346;worker;buckholly@gmail.com;87443791315
347;stop;aliciamills@rodriguez.com;89262899969
348;prove;ian35@gmail.com;86018811350
349;old;tracey29@hotmail.com;88477239797
350;force;jennifer18@caldwell-monroe.com;82123110507
351;follow;robertjenkins@hotmail.com;84144541145
352;particular;kimberlyyang@howard.com;81188138685
353;understand;nealdonald@alvarez.com;81179183133
354;financial;michelle32@lawrence.com;81292319056
355;itself;nlee@kerr-barr.com;89655262756
356;together;ithomas@moreno.biz;85771957839
357;theory;jessicafigueroa@castro.com;83004643913
358;feel;meyerrebecca@johnson-smith.net;85659263722
359;various;trevor55@white-potter.com;81585866737
360;near;sergio09@gmail.com;84184526217
361;avoid;benjamintaylor@hotmail.com;82466106651
362;head;gina51@yahoo.com;88285088458
363;hotel;eric38@gmail.com;88451701378
364;seat;jacqueline29@hotmail.com;85341723774
365;wait;hallrobin@williams.com;81182564572
366;teach;dakota67@gmail.com;80597605337
367;various;ksmith@yahoo.com;80916498564
368;land;jross@martin-grant.net;85716223774
369;seek;stevengay@perez.com;84043656490
370;matter;matthewsryan@marshall.org;85054954445
371;energy;cvaughan@bush-harris.com;86867186011
372;expert;ryan85@hotmail.com;83001360322
373;budget;ericajordan@yahoo.com;80694873923
374;employee;alexzimmerman@hicks-king.net;87090756153
375;purpose;asanders@hotmail.com;83474103924
376;they;shortbenjamin@hotmail.com;89494413378
377;detail;marthafoster@yahoo.com;82819491689
378;person;hsmith@yahoo.com;81450946945
379;my;cassandrawoods@nolan-castro.info;88524759171
380;natural;antonio84@ruiz.com;88084605436
381;development;brandon76@gmail.com;81199152811
382;matter;evan77@gmail.com;81874444504
383;task;jchang@hartman.org;85513321233
384;bit;josemejia@gmail.com;81746341245
385;to;vfields@yahoo.com;80364737992
386;mouth;ucrawford@silva.org;83503884983
387;executive;aedwards@hotmail.com;86833765778
388;often;smithjessica@gmail.com;89852142929
389;chair;rhondanewton@brown-rice.com;81858687256
390;agent;thomasvincent@gmail.com;83318475477
391;catch;mckinneyaustin@hotmail.com;85227471265
392;manage;jdavis@gmail.com;89926904910
393;drop;walterstephen@berry-wilkinson.com;82785362368
394;mother;alisharobbins@gmail.com;88082747174
395;coach;dalton72@yahoo.com;88795305014
396;sometimes;stricklandmary@hotmail.com;80754952299
397;person;sierrasullivan@ford.com;88753383291
398;thank;ahoward@conley-taylor.info;88058391313
399;development;gabriel34@hotmail.com;83957835241
400;continue;laura89@yahoo.com;82161864296
401;anyone;jamesmark@cox.com;81240871000
402;sound;kharmon@martin.com;87386978378
403;learn;charles91@gmail.com;85465603845
404;level;abigailacosta@gmail.com;83455691257
405;sound;jessicasantiago@yahoo.com;86512353286
406;until;nmorrow@gmail.com;81344910977
407;wind;calebbridges@hotmail.com;85761837629
408;much;douglasramos@yahoo.com;80573691822
409;decision;gwilliams@cox.com;87375480231
410;nor;kimberly34@gmail.com;80994561681
411;light;mmccann@moreno.info;80673164692
412;structure;brandynicholson@norris-rodriguez.net;84294334822
413;citizen;lucas33@gmail.com;86590225274
414;onto;michaelmartinez@wall.com;81413929194
415;area;ofinley@ross-ross.org;80359729485
416;fund;uleon@burton-conway.com;80917637527
417;popular;samanthahorne@gmail.com;83908072254
418;make;ymarks@gmail.com;86973338437
419;guess;nicolesmith@yahoo.com;82095033960
420;course;chelseaguerrero@schaefer.biz;81115925391
421;hand;havery@carroll.info;87136694776
422;likely;kenneth27@yahoo.com;88476191375
423;amount;cperez@yahoo.com;86630130052
424;special;dorothy48@hotmail.com;80294380942
425;deep;smithkenneth@hotmail.com;80336387457
426;bed;qmccarty@hotmail.com;84571300169
427;total;waresamantha@yahoo.com;83372290128
428;former;yjacobs@davis.org;88658064815
429;officer;iadams@byrd-ewing.com;81821214351
430;public;ramirezdylan@hotmail.com;84523002689
431;bring;matthewshepard@li-martin.biz;82608338377
432;tax;michelle04@snow-moss.com;89875108833
433;bank;lopezjeffrey@hotmail.com;81499271660
434;take;hhart@mcmahon.biz;81581798174
435;crime;smithallison@rodriguez-shah.com;80064790460
436;may;jennifer79@wang.org;82716475872
437;story;vfields@hensley.com;81818046258
438;image;rclayton@gmail.com;88166399399
439;cell;heatherturner@jacobs.com;81569744781
440;player;markedwards@yahoo.com;88605231325
441;ten;weissangela@gmail.com;87281954715
442;democratic;scain@cohen.com;85146850403
443;even;wesley56@johnson.biz;80689593250
444;arm;brenda49@zamora.com;84548717979
445;check;pmacdonald@jones-anderson.com;81882461360
446;behavior;gboyer@hotmail.com;84729895133
447;party;cheryl73@george.biz;87752484803
448;consider;hannahklein@simmons.info;88253989929
449;issue;ycrawford@green-robertson.com;85403755069
450;responsibility;znichols@lawson.org;84171287415
451;enjoy;eduardo15@gonzales.biz;85901542533
452;find;ericharris@baird.com;89751556368
453;support;nancyguerrero@white-lamb.info;85092644993
454;student;amy12@larson.net;80356442893
455;reality;abutler@gmail.com;83737697661
456;positive;martinrobin@calderon.biz;80346647625
457;entire;rmeyer@santos.com;83856495416
458;member;edwardrivas@yahoo.com;89954019990
459;son;robertvasquez@schneider-blackwell.com;86969069371
460;care;allenmelissa@ingram.net;87800685280
461;Republican;howardzachary@murray-williams.biz;85368929260
462;hundred;mendezamanda@black.com;89299566132
463;people;psmith@raymond.net;86456443675
464;walk;walkerjoshua@yahoo.com;80933575824
465;fact;evelynparker@mann-herring.info;82363578061
466;experience;sarahmora@hotmail.com;88911411614
467;when;erinhartman@ochoa.net;86062390918
468;so;lisa24@campos.com;83212433429
469;so;louisrice@yahoo.com;85494145159
470;newspaper;zflowers@gordon.com;85877933681
471;item;jbraun@gmail.com;88656085790
472;analysis;nicholassmith@hotmail.com;85110467808
473;performance;christopherserrano@allen.com;89017830251
474;threat;jhughes@bennett.org;82412365708
475;reason;jonesdevin@kramer.info;88461725847
476;employee;charles04@yahoo.com;88925365921
477;sound;bweeks@yahoo.com;86312723255
478;only;hodgeshunter@shah.net;85989427347
479;human;crivera@yahoo.com;80342011846
480;allow;matthew93@martin.com;86860900386
481;let;amandajohnson@lopez-molina.com;87020874903
482;less;robertunderwood@gmail.com;89217895650
483;gun;rodneyavila@yahoo.com;89955925654
484;enough;tramirez@hotmail.com;83293401477
485;book;travismorse@steele.biz;84480226905
486;somebody;davidsonchristine@gmail.com;81608584524
487;player;stephanie31@mitchell.com;84484051004
488;drug;laurenhansen@hotmail.com;89588174802
489;campaign;cindywhite@watson.biz;85818286074
490;tend;yvonne96@mcdowell.com;85111002667
491;record;bryanmoreno@gonzalez-smith.com;85615925606
492;interest;lisagoodman@hogan.com;83958524819
493;teacher;kimkristin@smith.net;80045457323
494;less;justindixon@porter.com;86419914064
495;body;ksmith@reeves.com;84817308857
496;save;joshua55@mcguire.net;84450906267
497;indeed;martinezbriana@hotmail.com;81927155392
498;character;christinathomas@hotmail.com;85584487660
499;TV;jwallace@yahoo.com;82453642974
500;current;brendavilla@wells-campbell.info;88835245676
501;both;stephaniewells@yahoo.com;80073709965
502;network;njones@clark.info;80590201308
503;eye;pmullen@hotmail.com;80450803091
504;media;rebecca96@gmail.com;87406576652
505;local;tle@yahoo.com;88046401115
506;civil;elizabethross@yahoo.com;81021749829
507;sing;rball@yahoo.com;81269537795
508;author;lisa15@abbott-bryan.com;83101248369
509;gas;christinejohnson@perkins.org;87893256134
510;simple;michael37@yahoo.com;80994587109
511;entire;stephanie85@gmail.com;80121912301
512;student;dennis36@edwards-hall.info;88679285614
513;religious;lscott@yahoo.com;83629501648
514;other;angela80@gmail.com;80822476672
515;crime;acostakrista@yahoo.com;83603973311
516;tonight;ilove@hotmail.com;82017436252
517;deep;echen@bishop-franco.biz;85153054761
518;may;ymiller@reed.com;80540940387
519;if;medinatyler@rice.com;86668448033
520;recent;kellyhoover@tucker-hansen.com;87831894538
521;use;pburns@daniels.com;87169889787
522;nor;cesarevans@yahoo.com;87576199693
523;ready;karenrodriguez@fowler-robinson.com;87084135380
524;none;nhunt@gmail.com;85863400296
525;beautiful;perezjoshua@hotmail.com;83790577991
526;real;silvajustin@johnson.net;88777007603
527;final;whitelauren@williams.biz;84858681543
528;power;wilsonnicole@yahoo.com;83443190189
529;collection;lori06@gmail.com;81380833993
530;stuff;deanmolina@williams.info;82299867614
531;Mr;mollylindsey@brewer-nash.com;84246295479
532;far;jasmine97@hotmail.com;84452780096
533;often;latoya96@gmail.com;85876557173
534;world;elizabeth50@gmail.com;82680705593
535;fall;dennis79@smith-rose.com;87653347403
536;market;kirbystacey@walker.biz;82048666526
537;subject;gjohnson@hotmail.com;89027748458
538;detail;fwalker@yahoo.com;84326272031
539;design;manningkathryn@jones-smith.info;81878033022
540;firm;ckirby@gmail.com;85200747252
541;scientist;wwheeler@davidson.com;80160230556
542;woman;miranda26@williams.com;82558221401
543;city;brian65@bentley.com;82843289138
544;to;brian46@arnold.info;89195446472
545;form;bwilson@olsen.com;87176447666
546;different;shermanchristopher@young-tucker.com;85257983602
547;experience;bradleybaxter@molina-johnson.com;89642859799
548;leave;hsmith@douglas-wright.info;87852111324
549;safe;mary16@banks.com;89017296503
550;voice;rkaufman@yahoo.com;83982367549
551;of;jennifer37@burns.com;85056616123
552;staff;porterbrandi@gmail.com;89694702202
553;be;daniel58@smith.com;84268825691
554;economy;alyssa86@osborne-long.com;88906179688
555;traditional;gaineseric@gmail.com;85728375451
556;thought;zross@lee.com;86107218521
557;name;fhodges@yahoo.com;82282538283
558;weight;nrollins@smith.org;84791550935
559;gas;megan15@conner-hernandez.com;88908648799
560;couple;chelsea66@jordan.biz;84253705687
561;seven;jamesdiaz@perez-manning.org;80857515384
562;travel;richardvega@johnson.com;85033530732
563;professional;bwalter@gmail.com;88253839214
564;page;hrush@morales.com;89417067361
565;nation;evanserik@yahoo.com;82105691558
566;cold;meganhill@yahoo.com;86522584038
567;after;amy37@scott.com;85498588616
568;report;eugene02@gmail.com;84729501201
569;political;ericajordan@yahoo.com;81730687066
570;our;schneiderrobert@mcpherson.org;89479559240
571;move;jessicawilliams@jones.com;80506899999
572;large;waltersnow@hotmail.com;84934824432
573;director;michelle56@hotmail.com;83261757292
574;or;wilsonfrank@baker.com;83482685234
575;college;vgarcia@hotmail.com;81466398273
576;poor;rachel43@ritter-higgins.com;84987492723
577;bank;gellis@harper.com;85148564313
578;wait;juarezcassandra@alexander.com;80102314359
579;thought;angelagray@yahoo.com;85966742494
580;wall;kennethjensen@perez-graham.com;86353813002
581;glass;creeves@hotmail.com;86863806885
582;reflect;ambersingh@gmail.com;83087338287
583;their;charlessellers@gordon.com;81471895632
584;bad;corysingh@vargas-martin.com;87840871178
585;amount;julie01@roth.com;89908282257
586;time;sally64@yahoo.com;86657338873
587;international;weberdaniel@bailey-gray.biz;89540738032
588;allow;tmitchell@gmail.com;84276775359
589;series;swilson@wagner.org;80638467674
590;receive;webbdouglas@martinez.info;80498635878
591;look;burnsgabrielle@gmail.com;86986959562
592;win;parkerbryan@johnson.biz;89006531370
593;yourself;prhodes@hotmail.com;88219079846
594;dinner;wspencer@hotmail.com;86578303632
595;close;brookebrown@hotmail.com;87180849557
596;consumer;arianadavis@yahoo.com;83008840788
597;rock;janice98@barton.com;80038170592
598;line;levi77@hotmail.com;80775659470
599;daughter;ronalddavenport@cook.info;88499639394
600;company;valenciamark@smith.net;83301315741
601;almost;qhenderson@gmail.com;84697597738
602;friend;kyle79@thornton.info;89201422721
603;space;jessicathornton@yahoo.com;85588742288
604;room;hobrien@gmail.com;86156835157
605;address;bakermatthew@hotmail.com;84349845923
606;picture;tamaralewis@hotmail.com;81926970129
607;analysis;melanieschwartz@gmail.com;86367398994
608;Democrat;jacksondwayne@yahoo.com;80213278571
609;administration;donnalawrence@gmail.com;88443327234
610;short;victor04@yahoo.com;80073821114
611;say;calvinballard@yahoo.com;82499370721
612;number;troy55@hotmail.com;87926278412
613;large;sandralawrence@marshall-jones.com;85542985032
614;right;cruzmark@lee.com;81539955151
615;feel;joe27@espinoza.com;84017990704
616;agreement;rodriguezamy@thompson.com;82322381028
617;fine;maria97@stokes.com;89901216671
618;step;paige25@young.com;83517117568
619;eye;hoganjoseph@gmail.com;86953929597
620;benefit;daniel91@yahoo.com;81415789927
621;design;joseph63@yahoo.com;88733420717
622;rise;grayjames@hotmail.com;86467565600
623;old;daniellewilliams@yahoo.com;89975151225
624;easy;matthew00@yahoo.com;84795697021
625;board;djenkins@hotmail.com;89843314187
626;plant;yolsen@jones-hayes.com;88018228602
627;threat;rebecca69@yahoo.com;89101299659
628;someone;cmcknight@hotmail.com;87982053493
629;local;zgeorge@mullins.com;86890771677
630;game;jessicamyers@howard-oliver.com;83876118654
631;describe;tperez@cooper-fisher.biz;87475064226
632;sort;erik61@gmail.com;87884289591
633;represent;buckleymary@hotmail.com;83332388204
634;history;dalton63@bass.com;80358792275
635;property;robertstaylor@hotmail.com;83825852274
636;throughout;millereric@gmail.com;87142335540
637;you;kimberly48@leonard-orr.com;80224541388
638;who;connielewis@jones-patterson.biz;83274115899
639;hotel;npeterson@yahoo.com;86732095432
640;evidence;benjaminwatson@jensen.info;83159788088
641;way;heather02@hotmail.com;81147575045
642;school;zwilliams@yahoo.com;85878054239
643;talk;waltersscott@yahoo.com;87327068139
644;gun;vchavez@hotmail.com;84995960588
645;no;edward54@luna-shepherd.com;80858956894
646;read;christopher10@hotmail.com;88168269912
647;join;kevinreilly@gmail.com;88482424596
648;people;sharonayala@carter.net;89703361045
649;they;jamesramirez@gmail.com;82336777736
650;true;keithyoung@yahoo.com;82841154319
651;do;mcbridebrandy@hotmail.com;83061794904
652;meeting;gholland@thomas.org;85855501187
653;pick;rose97@owen.com;88153299988
654;return;beltrancarly@simmons-perry.com;86559217103
655;turn;dprice@gmail.com;86077668509
656;ten;zspencer@adams.org;85343846718
657;body;vmelendez@williams-johnson.com;80265041163
658;realize;kimberly69@jones.info;87945971061
659;western;zgardner@hoffman.com;86612317640
660;police;adamsmatthew@perry.net;81225056691
661;attack;nichole42@hotmail.com;83751192187
662;worker;troynorman@ingram-wright.com;82773920365
663;spend;mathislaura@yahoo.com;87043911534
664;control;dellison@gmail.com;80044874353
665;party;darlene03@hernandez-gonzalez.com;82814326736
666;usually;jamesrowe@yahoo.com;80574280200
667;nor;cheryl84@simmons.com;80136989084
668;occur;charlestran@hotmail.com;87757383421
669;response;christymack@gmail.com;88797596003
670;identify;hillmatthew@morgan-martinez.com;89500678011
671;star;michael39@wilson.com;81192107459
672;true;rangeljennifer@yahoo.com;89473854923
673;culture;evansolivia@gmail.com;80400811503
674;couple;cherylfloyd@white.org;82690683354
675;treatment;kayla51@hotmail.com;80830398567
676;eat;nhopkins@hotmail.com;86591436103
677;tonight;claudiajones@gmail.com;89572567131
678;risk;wilsonkyle@yahoo.com;86672581525
679;middle;jenniferwhite@holland.com;86010839047
680;born;aprillopez@hotmail.com;86736877861
681;some;pmcguire@williams.com;88173972133
682;policy;vbell@mcdonald-johnson.com;88838704238
683;growth;aday@hotmail.com;88612010424
684;pressure;marvin17@hammond.info;89605103635
685;wrong;kristenjones@yahoo.com;80051969064
686;happy;xnavarro@gmail.com;83610649664
687;population;ambersmith@richardson.com;86908245618
688;remain;jason88@page.info;88364079601
689;them;greergail@yahoo.com;82949941794
690;amount;moonpeter@moore.biz;83201517086
691;out;hjones@gallagher.org;80464079005
692;fly;murraychad@hotmail.com;82877452436
693;of;stephanie31@cline-bailey.com;89647966234
694;could;rachel55@stone.com;86792716848
695;down;shawpatricia@yahoo.com;81381339832
696;computer;samantha71@yahoo.com;88056524336
697;one;bondemily@yahoo.com;82324158565
698;season;mary42@craig.com;89828201650
699;star;jessicamaxwell@hotmail.com;82096375098
700;plant;samanthajohnston@gilbert.com;81375710756
701;seem;rharris@hotmail.com;89764948982
702;drop;alexandracalhoun@wade.com;86435448836
703;or;elizabeth78@hotmail.com;81836689787
704;per;tinajuarez@hotmail.com;82099302537
705;audience;christophergarcia@gmail.com;87408156128
706;choice;robin57@hotmail.com;87860039756
707;century;amy80@hotmail.com;88606548028
708;list;kyle83@gmail.com;83519832925
709;outside;davidhenry@hotmail.com;86402194081
710;ever;masongeorge@gmail.com;80144368635
711;administration;felliott@snyder.biz;88221141475
712;mother;patricia23@montoya-ferguson.com;80488079870
713;ability;morriskaitlin@saunders.com;83690057472
714;time;anthonyhawkins@mckinney.org;83073435949
715;serve;joseph56@yahoo.com;81888612953
716;certainly;zbailey@yahoo.com;86529844791
717;beautiful;kevinwalker@williams.com;81305185324
718;child;austinfelicia@hotmail.com;82063377245
719;capital;flee@white-porter.com;80719698215
720;weight;stevenwu@underwood.org;86244221085
721;situation;michelleperez@kennedy-gilmore.biz;86333724536
722;enter;ninahenson@yahoo.com;86194992649
723;central;jacob91@hotmail.com;87955901830
724;beat;reidjonathan@yahoo.com;83892291171
725;success;jose85@cooper-moore.com;87340309240
726;interview;tyler10@gmail.com;81357523512
727;manage;klinejohn@perez.com;88137124988
728;five;amber93@gmail.com;80079867125
729;challenge;rickey59@ray-gomez.com;88219844936
730;store;david56@stokes-bradley.net;89284371407
731;knowledge;bhall@yahoo.com;82288651885
732;prove;jrussell@hotmail.com;84300189713
733;above;stephanie83@yahoo.com;80654462977
734;radio;manningrachel@sloan.org;84351780307
735;piece;ginabenton@hanna.com;82584396492
736;add;richardferguson@white.org;85934156631
737;safe;lmontgomery@yahoo.com;87744652836
738;notice;jessicacarter@yahoo.com;88476965853
739;environmental;kabbott@gmail.com;88428825622
740;resource;feliciafaulkner@evans-woodward.com;81855251837
741;question;qrose@yahoo.com;80677365141
742;be;hicksbrandon@gmail.com;84829926790
743;still;tylerhudson@wade.com;82900069192
744;address;peterhendrix@bush-salazar.com;80993251069
745;nearly;timothy46@gmail.com;80494698826
746;effort;deanna28@hotmail.com;89384787740
747;project;bushmartin@long.com;86786940736
748;necessary;christy65@edwards-lee.com;89461022478
749;take;xbonilla@gmail.com;85488960924
750;region;katherine66@tapia.info;88649013893
751;week;vcobb@hotmail.com;83447914932
752;operation;jenniferrobinson@villanueva.com;84829579388
753;tend;barbaramiller@becker-jennings.net;86264354799
754;young;davidalvarado@gmail.com;88559320580
755;suggest;lisa76@gmail.com;83652979212
756;actually;adam93@hotmail.com;87978266203
757;its;camposrenee@gmail.com;84222450541
758;idea;johnsmichelle@johnson.com;84335037742
759;lay;tonymccarthy@yahoo.com;87848901932
760;listen;ramseybrenda@yahoo.com;80542167239
761;be;colin40@welch.info;88847347491
762;thank;murphytaylor@yahoo.com;81307390663
763;language;craig04@rodriguez.com;89525101775
764;tend;lutzricardo@hotmail.com;81202104670
765;nothing;ambersherman@hotmail.com;89730686302
766;direction;rcruz@yahoo.com;89549021367
767;Mr;michelle79@hotmail.com;83670018950
768;toward;kirsten64@hotmail.com;80140659740
769;ball;brownsara@gmail.com;82332718794
770;drug;teresa74@yahoo.com;84198615465
771;question;taylor40@yahoo.com;84721601867
772;west;ellen78@johnson.com;83816226636
773;whether;michellejackson@hotmail.com;80260633381
774;television;justinwood@yahoo.com;84406897889
775;education;bpennington@hotmail.com;83777578033
776;product;mossjoseph@hotmail.com;81207337283
777;small;robin85@curtis.com;89246540638
778;past;ylopez@cox.biz;84975879327
779;Democrat;hayleyscott@stewart.com;85617869212
780;north;johntran@dixon-walton.com;80935240488
781;top;hannahtaylor@peters-sharp.com;89000486806
782;better;jeremy35@yahoo.com;83097507104
783;too;ashleychristopher@yahoo.com;80095693262
784;theory;marioflores@villegas-clark.com;80224073521
785;specific;james73@gmail.com;80466952499
786;agreement;amber65@gmail.com;85198889046
787;without;justincrane@garcia-rice.net;81395605646
788;put;tklein@vincent-flores.com;81181528381
789;live;travisrodgers@yahoo.com;80208161034
790;new;boyeramy@gmail.com;84813464671
791;southern;kellymichael@yahoo.com;82702171874
792;find;michelle49@haas-ellis.com;85728127079
793;newspaper;emmagood@morris-petty.info;89447796185
794;hit;lindamartin@hotmail.com;85731889212
795;part;carloscruz@allen.biz;80812194225
796;toward;robertcollins@valentine.com;86947125212
797;sit;wrightmichelle@brown-rhodes.info;82280969143
798;democratic;jennifer82@hotmail.com;84660573484
799;trade;jeffrey77@yahoo.com;83849669860
800;day;holmesgary@white.com;89392219657
801;growth;jonesmatthew@hotmail.com;85687796387
802;impact;jfloyd@hotmail.com;80596163442
803;lay;joel96@ramsey.com;88954904917
804;visit;melinda24@novak.com;82439357724
805;really;bellcraig@gmail.com;84876032847
806;difference;cjohnson@gmail.com;89835140767
807;believe;daniellewilliams@yahoo.com;81255767989
808;look;tblackburn@davenport-kent.info;89735057656
809;direction;stantonbrian@davis.com;80842551213
810;high;sluna@blake-buck.com;81347670387
811;themselves;marc04@gomez-singh.com;85444632028
812;establish;david86@ashley-andrews.com;86321091552
813;spring;williambaker@gmail.com;83869022996
814;activity;stephanie60@yahoo.com;89175203245
815;often;xcasey@smith.biz;84652101865
816;dog;espinozazachary@harris-mcintosh.com;85567570076
817;participant;ucombs@yahoo.com;86556809406
818;teach;bradleypena@hotmail.com;84643689027
819;theory;zhangheather@owens.com;85697924334
820;too;terrance67@nguyen.net;83600659745
821;themselves;mmorrison@porter.com;85224932761
822;friend;amy87@gmail.com;88737555256
823;positive;mcintoshpatricia@hopkins.com;80000477921
824;hard;fchandler@marshall-reed.biz;88096016596
825;face;kbecker@harper-taylor.net;82709485781
826;by;richardsonarthur@thomas.com;84550490579
827;house;heidi98@simmons.com;81252895679
828;suggest;amy37@flores.com;89036608943
829;cultural;dawn63@gonzalez.info;82843504975
830;culture;whitechristine@griffin-dickerson.net;80900755520
831;movement;hopkinschristina@powell.biz;81935296888
832;sing;haley16@hotmail.com;80732605014
833;amount;patrick76@flores-simpson.com;87109325388
834;and;xnguyen@brown.com;81522787167
835;animal;wilsonjonathan@yahoo.com;88961391959
836;model;myerswilliam@gmail.com;88918788429
837;current;ronaldchan@yahoo.com;87827736400
838;of;marshallrebecca@gmail.com;86713724235
839;serious;mullinsmichelle@lee.net;87885333932
840;name;snyderjeremy@yahoo.com;88536904950
841;according;candice50@williams.com;89495391819
842;attorney;juliecompton@alexander-davidson.info;89171779071
843;possible;dominiquegalloway@brown.net;88910800133
844;yeah;greenejason@yahoo.com;83208439343
845;less;wardheather@conner.org;81739894706
846;group;jesse07@obrien-smith.com;84678334322
847;outside;dicksonwilliam@gmail.com;83831795234
848;spring;hjones@stone.com;82180808017
849;information;tinaadkins@yahoo.com;82904095045
850;carry;jordan69@singleton.org;88123727029
851;agreement;johnsonjohn@hotmail.com;86495044007
852;chance;charlene65@gmail.com;85902490276
853;also;derrick11@nelson.com;82573180970
854;nor;victor05@garcia.net;86844857902
855;several;melinda90@yahoo.com;88847962144
856;see;walter38@yahoo.com;89237761535
857;matter;erinshannon@gmail.com;89609274833
858;form;mmcdaniel@espinoza.com;80305619124
859;ground;marshallshannon@preston-smith.info;84157463465
860;participant;tpitts@perry.com;87146829301
861;relate;swalker@luna-sanchez.biz;80668199776
862;summer;rodriguezvickie@green.biz;82852158303
863;add;sallyatkinson@harvey-ruiz.com;80760221437
864;who;perezjeremy@dean-smith.net;87992328583
865;all;tiffany92@yahoo.com;89893824055
866;way;jessetaylor@yahoo.com;83564176675
867;admit;gallowayrobert@lee.com;89514329341
868;significant;elizabeth79@hotmail.com;84156407367
869;sit;perryscott@hotmail.com;87912724721
870;center;hickmancarolyn@burke.org;80850207659
871;poor;ewilson@yahoo.com;87790015416
872;term;allisonswanson@gmail.com;85022331283
873;image;dixondavid@hotmail.com;87690006208
874;car;jefferyfisher@hotmail.com;83667701663
875;seat;zlarson@hotmail.com;80749823834
876;bit;jherrera@hanna.biz;88752520161
877;its;brianna38@mccullough.com;88482596295
878;view;jeffreyalvarado@hotmail.com;81860223952
879;effort;larryavila@yahoo.com;87236823961
880;scientist;danielsandoval@kramer-barr.biz;87824021907
881;daughter;colleen84@gmail.com;82803704227
882;line;christinaortiz@yahoo.com;81121260777
883;for;alvarezangela@aguilar-mendez.com;81924727604
884;least;stacy61@hotmail.com;87405426870
885;it;ehall@hotmail.com;85329985334
886;management;judy48@yahoo.com;86091895865
887;rate;foxtimothy@gmail.com;81124801141
888;else;teresapugh@yahoo.com;86202834114
889;cup;jasonmiddleton@williams.com;89266361118
890;perhaps;jenna96@key.net;85299358263
891;above;bill18@gmail.com;84791915090
892;how;sarahweber@martin.com;86925675781
893;her;garciathomas@glenn.com;83150351083
894;we;jenniferramirez@richard.com;87367223237
895;whether;glovervanessa@yahoo.com;82722390704
896;news;jdavis@acosta.net;83734885582
897;pick;bestes@hotmail.com;83445565897
898;consumer;apham@hotmail.com;85802350013
899;whole;hjackson@smith.com;81347379229
900;choose;melanie33@fields-nguyen.net;81607149996
901;price;eharrison@parker.net;85362095096
902;eight;opatel@blankenship.info;87123916506
903;but;bridget62@wheeler.net;80249467875
904;take;kylesexton@turner.com;82489471898
905;including;allenamanda@wise.com;83500422659
906;become;tuckerdouglas@lane.com;80572836611
907;training;davidrivera@hotmail.com;88950189419
908;style;steelerobert@yahoo.com;80124368988
909;story;garciarobert@wolf.com;84236938420
910;machine;qsimmons@blankenship.org;82823135119
911;particularly;garcianicholas@hotmail.com;84528212215
912;cause;robertbanks@gmail.com;82889969984
913;continue;nicholas89@gmail.com;84945471638
914;those;carpentermelissa@anderson.com;86851744591
915;shake;zmcdonald@gmail.com;80888340684
916;sign;christopherfisher@rush.net;81621494590
917;get;randy30@hotmail.com;80643845652
918;rock;vphillips@garcia.net;87943837612
919;talk;erichill@marks.com;89178470572
920;approach;adam55@cooper-stevens.biz;86078799962
921;gun;joshua22@gmail.com;81571496646
922;article;scortez@gmail.com;81814084465
923;guy;andersonjudy@byrd.com;86656992517
924;possible;michael15@flynn.com;81918656458
925;voice;taylor14@davis.com;80112721865
926;see;peter00@chavez.com;89175931423
927;tonight;iyoung@yahoo.com;83376975527
928;sort;ashleebradley@turner.biz;89327464786
929;beat;kevin78@gmail.com;86835231503
930;western;timothymarshall@yahoo.com;87700169815
931;class;deanthomas@johnston-alvarez.info;84161174601
932;organization;summerskelly@gmail.com;84066727151
933;national;dave51@mckee.com;85596883883
934;might;gouldmichelle@daniel.com;80064024869
935;appear;johnathan61@levine.biz;89799602173
936;reflect;anita26@jones-moore.net;85586900725
937;perhaps;dorothy64@brown-malone.com;80864554163
938;say;joshua01@sosa.com;85350912814
939;today;howelldeborah@martin.org;86375820710
940;prevent;joannapalmer@ford-jones.com;82570340625
941;explain;adam19@williams-cooper.com;81559019212
942;ever;ldeleon@hotmail.com;82121389974
943;against;tina81@edwards.net;89442918232
944;instead;hansenmichael@gmail.com;86460611229
945;care;paul90@mcintosh.com;84152180495
946;hard;pthompson@jenkins.com;81174493951
947;place;oanderson@yahoo.com;87520693982
948;why;brownamy@yahoo.com;82370156617
949;ask;mendozapamela@yahoo.com;80912571619
950;hot;kristagonzalez@cook.com;80006161888
951;range;walkerrobert@gmail.com;85324654365
952;week;mcarr@clark-taylor.com;89742396326
953;add;johnnelson@hotmail.com;86151226532
954;guy;ctaylor@roberts.biz;89495423283
955;race;lcaldwell@gmail.com;88008134978
956;than;aaron66@duncan.com;84287707291
957;base;deanna57@cook.com;86817749263
958;good;dustin50@yahoo.com;88540451944
959;participant;gleon@lee-collins.com;81765628945
960;important;dmorgan@gmail.com;87391087869
961;fire;clarkerin@webster.com;81897490364
962;size;barrettthomas@yahoo.com;88789152763
963;something;cindy41@gmail.com;84126080726
964;from;mendozamonica@lowe.com;84587976041
965;decide;sandy00@carter.com;80423250488
966;miss;flee@lewis-anderson.org;83591575014
967;group;smendoza@drake-prince.info;81422861349
968;example;morganrebekah@gmail.com;82300488204
969;democratic;hartpatrick@gmail.com;85833076203
970;face;elizabeth70@gmail.com;89792365344
971;design;jennifer55@pitts-dunn.com;83434254997
972;operation;elizabeth59@love-dalton.com;87648632357
973;drop;abigailpittman@wilson.biz;89501371794
974;whom;fergusonjordan@schroeder.com;81672933515
975;that;ernestmoore@gmail.com;87421406146
976;apply;jenniferhernandez@yahoo.com;82361940931
977;every;christophermaddox@gmail.com;82267712601
978;four;renee92@floyd.com;86098566214
979;such;kelsey61@smith.com;81324994804
980;remember;briangarcia@collins.com;88630329410
981;staff;daniel99@williams.biz;87207999422
982;decision;debraflores@beasley.com;87497567400
983;last;sarahclark@gmail.com;83257488185
984;bring;emilypeters@mckinney.biz;87561410212
985;science;randall04@baker-allen.com;81738465486
986;where;portermike@gmail.com;82019821600
987;happy;stevenmyers@ford.com;86166982422
988;eye;hvazquez@valdez-sullivan.org;86787074294
989;per;durankathryn@gmail.com;85446105846
990;five;esmith@mckinney.com;89739645801
991;rate;tommytanner@cortez-kelly.biz;82197542394
992;money;twalker@hotmail.com;86235049050
993;bar;henry98@turner.biz;87197353492
994;goal;hodgejanet@sanford.com;83774895421
995;dark;shawnflores@gmail.com;81751341782
996;box;adrianjones@hotmail.com;85650194553
997;less;clarkmadison@johnson.org;86893225551
998;fund;crosbyzachary@yahoo.com;80576218236
999;use;carrolltamara@marsh.org;85695479207
