Richard;Cross;86680980492;4299013226;66821 George Bypass West Rebecca, ID 71770;1;570;93
Karen;Moyer;85510782232;1294105691;85211 Ramos Green Wallsberg, NH 03070;2;33;695
Ryan;Johnson;81720444351;5131840919;0142 Joshua Haven Suite 163 West Brianmouth, IA 59119;3;789;826
Anthony;Oneal;84588565378;1390790809;Unit 0854 Box 7284 DPO AE 35360;4;140;56
Brittany;Green;82029475269;8514585441;8912 Graham Radial Suite 884 West Peter, NV 37469;5;262;961
Patrick;Jones;82781507224;3204727089;55727 Little Walk Suite 683 South Ericburgh, FL 10056;6;737;636
Danny;Evans;86485781327;9098584261;76657 Megan Roads Apt. 403 Colonfurt, AR 42357;7;981;727
Hector;Jones;83319242634;6680754331;452 Sanchez Station Suite 155 New Rebeccabury, IL 69254;8;507;295
Lauren;Simpson;86696521238;9885482839;5829 Matthew Center Suite 580 Paulstad, KY 48026;9;120;73
Michael;Johnson;85665349603;7870618004;8356 Jerry Village Apt. 861 Dixonberg, VT 20899;10;897;206
Susan;Ray;85557414181;7522614227;USS Morales FPO AP 24225;11;386;84
Julie;Gilbert;88913132053;3268201231;66439 Nelson Crest North Loganberg, MN 91387;12;135;865
Ronald;Simon;80721076205;4433171666;13304 Jose Locks Apt. 366 Harperstad, MD 33442;13;491;148
Cindy;Guerrero;87391598093;9763215441;PSC 1374, Box 9802 APO AE 27792;14;302;919
Melissa;Salazar;86152827556;2634234545;11789 Sandra Circle Lake Michelleview, NC 96601;15;154;555
Earl;Mcmillan;87680109045;1116950443;93603 Eric Port Suite 052 Ashleyshire, LA 74932;16;463;834
Lisa;Aguilar;86028027897;5529715326;87372 Myers Avenue East Matthewville, ND 18865;17;582;815
Kathy;Atkinson;88761896358;1284216076;84498 Schwartz Loaf Suite 067 South Katherineshire, MT 87099;18;414;616
Patricia;Park;88610111172;4575140273;66203 Palmer Port Suite 225 North Bryanmouth, KY 52046;19;605;888
Linda;Hughes;88691428150;4785587154;3699 Cross Forges Port Markberg, NY 05630;20;716;218
Robert;Reynolds;88593663230;9793404114;62544 Sullivan Dam Nicoletown, AR 33265;21;765;802
Michael;Hunt;87445092790;9050499435;6376 Sandra Lodge Joshuastad, TX 04885;22;0;35
Zoe;Ward;82453943084;8526819999;8239 Andrew Point Lake Juliabury, IN 97218;23;56;796
Amy;Curtis;84593078727;6140981759;USNV Young FPO AE 73476;24;863;770
Matthew;Serrano;81298576481;4292079188;84435 Amber Estates South Matthew, NV 30735;25;882;514
Warren;Hammond;80162745437;6601397527;146 Mcpherson Hollow Port Crystal, VT 11636;26;856;136
Kirsten;Willis;84874343164;9310747369;3221 Jackson Fort Port Ryan, FL 94393;27;17;50
David;Kim;89674945785;7806048009;01947 Amy Hollow Apt. 391 Dianeburgh, NY 67933;28;237;940
Robert;Scott;85975813679;4675294053;47391 Jordan Stravenue Bensonchester, ID 55795;29;553;81
Jennifer;Yang;86837835917;4408103703;252 Austin Vista Apt. 665 Morenoburgh, OR 48820;30;387;230
Debbie;Martin;82759141544;7870768106;4042 Nicholas Light Suite 000 South Dylanport, DE 55594;31;959;334
Karen;Martin;89310664169;6162899265;PSC 4672, Box 2004 APO AA 07884;32;754;101
Jesus;Hill;81297865062;7080101614;397 Jackson Union North Thomas, CA 54446;33;146;714
Carlos;Williamson;88270416943;3009041032;5914 Austin Trafficway Apt. 284 West Heatherhaven, CT 58465;34;589;503
Richard;Bullock;88969513783;6410792701;84147 Cynthia Parks Suite 104 Lake Michaelview, FL 99032;35;375;888
Andrew;Chung;85246823444;7341458440;18292 Andrew View Williamborough, AL 98351;36;824;49
Kristie;Cross;84142514526;8087732315;6778 Brock Ramp Suite 052 Wrightmouth, AK 85139;37;189;473
Paul;Weber;86956958841;8084212701;972 Donna Field West Daniel, OH 91867;38;247;295
Daniel;Morales;89938390408;9847889149;03490 Jill Underpass South Heather, PA 11401;39;129;238
Tiffany;Griffin;82100945253;2209951761;294 Hurley Motorway Jasonstad, MS 60285;40;777;752
Julie;Baker;83806827666;9084091749;829 Johnson Squares Suite 962 New Brandy, NJ 76418;41;19;883
Brittany;Berger;85560708007;9517229479;5358 Sharon Park Suite 025 Michaelfort, TX 44620;42;763;723
Casey;Hodges;82626950760;6205473855;533 Russell Ford Apt. 972 Lake Chelsea, MI 54443;43;480;637
Blake;Arroyo;88712484671;4115461638;47442 May Ports Apt. 858 Duncantown, RI 89358;44;910;612
Kyle;Durham;82986368617;3034155424;41321 Bush Motorway Nguyenburgh, TN 99822;45;426;61
Leah;Peck;83473890654;6578150330;41525 Johnson Burg Suite 622 West Jack, ND 07204;46;241;944
Michael;Aguilar;86519894372;1885653572;850 Jose Greens Vargasside, SD 24971;47;584;388
Diana;Rogers;88992516658;9922905681;1840 Smith Dam Apt. 308 New Jack, AK 35847;48;717;961
John;Kennedy;87562725029;3774481403;417 Brown Road Apt. 485 East Ashleytown, GA 43667;49;907;119
Nicole;Robinson;85332752085;2571709955;4893 Smith Meadow Suite 382 West Kevinfurt, HI 35894;50;222;42
Scott;Jackson;82854796410;2585571814;64711 Destiny Path Suite 582 Pottsborough, KY 47426;51;593;378
Gloria;Browning;88732125518;3628042558;320 Monica Union Westbury, AZ 75511;52;213;300
Courtney;Parker;87493457228;6081382468;970 Cobb Shores Apt. 456 Patelmouth, AK 10634;53;689;207
Steven;Cisneros;84719266498;5106657913;407 Timothy Ranch Jonesfort, SD 44828;54;5;895
Kevin;Patel;89926227176;8989223870;PSC 0971, Box 2560 APO AP 36332;55;370;964
Daniel;Gamble;86320658403;2160643004;286 Jeffrey Prairie Suite 966 Mooremouth, MT 16228;56;906;724
William;Brown;89313740090;9545410885;9076 Rodriguez Club Joannbury, MI 84067;57;948;295
Anthony;Fitzgerald;88141110587;1337608342;736 Connie Points Suite 881 Ellisonstad, MT 31651;58;13;801
Cynthia;Li;88300452022;2981126065;7658 Hatfield Radial Atkinsonchester, NM 29163;59;818;794
George;Edwards;85949441717;2388794222;9623 Karl Ridges Suite 728 New Kevin, WV 45204;60;485;335
Cindy;Johnson;86922582439;7887094228;435 Janet Burgs Apt. 364 Pollardborough, CT 71647;61;717;118
Elizabeth;Macdonald;81724508454;5095244972;0982 Mary Turnpike Maryport, PA 67444;62;23;411
James;Reynolds;82898988588;5912873298;379 Green Ports Apt. 560 Mitchellmouth, ND 22529;63;169;116
Peter;Garrison;89822675510;4029762826;1405 Austin Loaf Apt. 069 Rodriguezton, OK 94129;64;807;119
Ryan;Graham;86827807349;6145443806;Unit 2306 Box 3291 DPO AA 20278;65;956;384
Barbara;Munoz;84857967664;5585349429;129 Michael Keys Smithview, MS 75659;66;285;965
Danielle;Carson;85067251781;7552629377;73985 Miller Squares Apt. 060 North Jessicafurt, LA 21500;67;955;363
Kimberly;Campbell;85870750983;2795683369;3449 Snyder Circle Welchburgh, WY 45423;68;613;957
Ashley;Rogers;81135780991;8487742754;248 Lynn Trail Port Michael, PA 72399;69;273;855
Anthony;Alvarado;89869692715;3211823618;60889 Michael Passage North Taylor, VA 82483;70;621;50
Kerry;Duncan;84092660992;8920069140;8939 Bond Plaza South Kimberly, DC 67545;71;930;2
Wayne;Joseph;83155829338;1320376462;226 Nguyen Locks Apt. 650 Johnsonchester, IA 98097;72;394;134
Dawn;Chen;89191431036;9083969203;3396 Powell Loaf Suite 511 Parkermouth, AZ 43436;73;698;784
Jonathan;Ellis;87625437086;9477144543;637 Shane Stream Lake Jennifer, SC 03448;74;215;291
Jaime;Stewart;84558087849;2812967962;7549 Brown Plain East Vicki, AL 22338;75;469;341
Justin;Salinas;80927786724;3276110528;022 Matthew Throughway Suite 521 Jonesborough, LA 57728;76;681;430
April;Ramirez;86944406551;6216376634;Unit 5746 Box 8922 DPO AP 50124;77;8;757
Kenneth;Thomas;83824027021;5150191833;02417 Gonzales Brooks Suite 298 Transide, NE 40677;78;426;88
Scott;Martinez;88553238674;4586734344;3000 Newman Manors East Lydia, MA 08934;79;825;408
Rhonda;Davis;83705366905;2192018067;555 Sara Road South Robert, MD 06927;80;120;284
Jacob;Cox;89753381274;2712237717;373 Pitts Springs Danieltown, CT 95307;81;892;612
Donna;Hernandez;83461041199;6674998768;52280 Sweeney Ramp Brandonberg, CT 27103;82;248;632
Sandra;Ramirez;82658539636;7067352276;9784 Stephen Prairie East Gregoryland, OK 99154;83;66;153
Eric;Cox;82877698629;7646929166;7744 Daniel Extension North Antoniobury, OR 20525;84;803;168
Michelle;Roberts;86330399205;6933331388;45030 Maria Trail Apt. 419 North Ryan, VA 87934;85;79;850
Melissa;Richards;83885531255;5224724939;4306 Joseph Lodge Apt. 714 Jaredton, MI 93788;86;409;131
Gregory;Mcguire;80302848409;2677492957;771 Stephanie Views Apt. 937 Port Vickieview, AK 93427;87;761;919
Stephen;Brown;89279778341;4606516147;304 David Plain Jeffton, WA 50281;88;666;337
Todd;Allen;89649379071;7049904248;6454 Goodwin Mountains Suite 014 East Michelle, MI 81458;89;77;207
Mason;Jenkins;88127278639;3213406009;0203 Michael Cape Suite 898 Lake Samantha, NE 53584;90;868;514
Jeffrey;Campos;89604803341;7014392000;309 Kari Lakes East James, KY 20502;91;919;650
Julie;Gilbert;83583550657;1713701386;98526 Alvarado Gardens East Brittany, MD 10996;92;918;252
Christopher;Wilson;84935260876;4084724029;93451 Lisa Plains Suite 111 East Gregory, NC 25502;93;312;656
Jason;Nichols;86653269026;9399043703;Unit 2375 Box 7095 DPO AA 49835;94;223;58
Ashley;Ramirez;81891971340;9092628365;37400 Becky Cape Lake Maryfort, DE 40493;95;298;757
Nichole;Santiago;86349328231;6314864014;060 Tracey Canyon New Todd, NC 26494;96;929;372
Anita;Johnston;85284668287;7041482506;6430 Wilson Loop New Justin, NY 77312;97;43;183
Jade;Scott;82516764204;5988704355;129 Donald Land Amandamouth, AL 40959;98;415;336
Daniel;Bell;80899102800;3905764043;358 Eric Loaf Apt. 125 Andersonborough, OK 44060;99;35;675
Chris;Gutierrez;81423533199;9777419629;1067 Wood Alley Apt. 046 Garciaville, DC 12954;100;82;100
Robert;Gonzalez;88657982360;1544240733;589 Garcia Tunnel Suite 900 Wardbury, KS 03606;101;53;11
David;Cummings;83492779776;8749661504;PSC 0400, Box 1417 APO AP 91491;102;97;975
Nicole;Bates;85218162199;8509264360;66229 Clark Mission Suite 177 Andrewberg, TX 33286;103;933;532
Lori;Wilkinson;89938495911;3643022371;822 Angela Spur East Rebekah, SC 65105;104;470;104
Alan;Cox;83816673473;9142654592;358 Jennifer Light Brittanyville, MA 57118;105;241;529
Holly;Cooper;88556220537;7230809711;15055 Karen Common Suite 916 Lake Keith, NC 02752;106;92;746
Joshua;Lee;84678584329;8570851387;0886 Christina Spurs Apt. 587 East Cassandra, KS 78223;107;939;271
Christina;Rios;82711751794;1194068910;2357 Pugh Spur Suite 724 Carlosmouth, DC 33416;108;730;587
Lorraine;Oconnor;86731922869;7515582285;00814 Ricky Curve Kathleenfort, SD 20021;109;245;84
Daniel;Hendrix;89837265439;2871662485;741 Christopher Row Suite 498 Waltertown, NM 39560;110;653;848
Alexis;Peterson;89867908607;7645421169;9355 Cheryl View Suite 688 Lake Timothyview, KS 19006;111;97;554
Nicole;Paul;89231276337;2544755214;782 James Mission Watsonfort, AZ 35458;112;845;402
Paul;Young;80468970341;9217990115;USCGC White FPO AA 99554;113;993;968
Ian;Edwards;87344182154;4685888273;Unit 1695 Box 1857 DPO AE 46305;114;610;689
Emma;Smith;80651958110;2964371335;271 Eric Court South Joshua, MD 40214;115;915;693
Natalie;Patrick;89898683350;2563663966;81457 Erica Valleys Cameronshire, ND 85161;116;176;364
Katelyn;Bradford;83732973360;9274538261;056 Crystal Terrace Lake Christopherside, ME 80752;117;46;951
Lindsey;Miller;87648183000;7027093963;14750 Brianna Mall Apt. 351 Scottville, ND 03107;118;534;103
Thomas;Church;89735495193;5323066559;999 Wheeler Common North Stephen, MO 03175;119;39;34
Paul;Jacobson;82697031724;5128911394;0087 Sophia Ferry Suite 152 Walshborough, IA 72142;120;463;187
James;Shepherd;83404908495;4574985234;5174 Joseph Ferry Suite 702 East Jeffreyborough, VT 18359;121;304;723
Emily;Glover;87131297787;8456011546;422 Patrick Parkways Apt. 452 Kellyshire, MS 62530;122;989;861
Cheryl;Johnson;80172805935;9001974862;PSC 5078, Box 7220 APO AE 90999;123;544;815
Michelle;Hayes;84309905307;3609262618;3847 Cynthia Points Johnburgh, KS 97533;124;126;792
Jeffrey;Jacobs;81443292050;7853002525;98509 Amanda Freeway Apt. 869 Pricemouth, TX 86792;125;21;401
Anthony;Walker;85400564935;9369594157;425 Courtney Land New Marc, GA 53144;126;545;981
Charles;Simpson;88119361418;1550823480;6608 Robert Point Wolffort, OK 44158;127;812;642
Stephanie;Carroll;87976264827;4938973687;202 Boyd Falls West Josephview, NE 81529;128;483;905
Jeffrey;Ray;81709241541;2746239850;PSC 3072, Box 7709 APO AE 44617;129;499;393
Stephanie;Marshall;87773809968;3020893955;07450 Moore Plaza North Colleen, SD 50359;130;453;244
Lisa;White;88028848449;6588026114;14850 Bowman Estate Apt. 019 West Jefferyport, GA 73628;131;988;491
Mary;Fischer;88678743255;8102089535;628 Johnny Ridge Lake Amandamouth, IA 01899;132;278;798
David;Lopez;81930703771;3176857944;35807 Gould Fort Suite 903 New Todd, HI 41659;133;211;473
Vanessa;Lynch;88312081946;1398310914;987 Christopher Trace Deniseview, DE 60771;134;576;781
Alexander;Aguilar;85491874807;4719418352;593 Cole Ports Apt. 493 Port Kylemouth, LA 53315;135;929;946
Debbie;Miller;84557774264;3244166041;2269 Ashley Parkway West Christopherchester, TX 16068;136;797;892
Mark;Bowen;81485982693;9300790007;60373 Miller Inlet Richardburgh, IL 96282;137;239;537
April;Brown;86461668623;3367955678;46610 Kristin Hills Lake Jeanetteshire, IN 05463;138;656;417
Nicholas;Murphy;86419867665;7622822249;2440 Sellers Viaduct Apt. 792 West Susan, OH 68514;139;834;879
Charles;Jones;83369728342;8953848898;62995 Johnston Rapid Suite 577 Lake Amyfurt, AL 38169;140;320;603
Dale;Williams;88994914147;6918478250;0981 Jennifer Stream North Paulafurt, MN 14775;141;162;433
Jason;Pham;88372173005;1922651503;04218 Carrie Fork Johnbury, MT 37734;142;616;764
Jill;Randall;83797604743;2697075727;149 Tiffany Gardens Suite 749 South Derrickview, SD 55855;143;415;494
Jeffrey;Chapman;87472910839;5215526281;2708 Hicks Stravenue Apt. 055 Maddenton, ME 10648;144;975;806
Lauren;Logan;85677036210;9452619881;26772 Jenna Mission South Josephview, MI 86472;145;872;277
Angela;Simpson;86774870521;9865805303;2579 Davis Orchard Scottside, MS 86711;146;804;576
Rebecca;Peterson;88117580846;4977838404;188 Schaefer Club Suite 880 Hubershire, WA 98937;147;856;191
James;Keller;88237850001;1946449791;PSC 4576, Box 4633 APO AA 57021;148;20;711
Benjamin;Golden;85193768504;1836872027;19334 Delgado Cape Apt. 716 Blakefurt, WV 63344;149;727;619
Taylor;Ryan;85909534300;6571386910;Unit 4728 Box 0844 DPO AE 68472;150;516;524
Glen;Wilson;84089421634;2490581069;913 Martha Walks Charlesbury, DC 50136;151;218;264
Bruce;Wilson;85865364700;5121508580;03380 Terri Mount Munozchester, WY 61058;152;697;609
Breanna;Melton;89698854859;8995892735;148 Flores Hills Apt. 893 Johnmouth, IA 60194;153;541;399
Cheryl;Harris;88657514772;9455567513;91243 Stephanie Lock Suite 742 Woodwardbury, WA 62990;154;691;847
Bonnie;Kennedy;82096069233;6668406456;7055 Brittany Drives New Matthew, SD 65606;155;458;877
Elizabeth;Rodriguez;89718378289;2344355126;068 Matthew Ridge West James, VA 91792;156;507;649
Samantha;Wright;80866916897;2036181871;0495 Erickson Knolls New Gary, MI 71321;157;358;962
Thomas;Cervantes;82073503110;6329202984;83079 Wilson Path Apt. 091 Harpertown, OH 40276;158;409;212
Cory;Brock;86543603402;4799563934;46884 Jennifer Motorway Suite 287 Port Suzanne, IA 52365;159;425;633
Elizabeth;Fields;85736643115;6205070588;93841 Angie Center Apt. 611 Longside, IL 24079;160;673;484
Karen;Valencia;83688618232;8911501852;9742 Miles Junction Lake Vanessaburgh, MO 03875;161;887;886
Rachel;Frost;87538743872;6001039002;506 Simpson Springs Suite 970 East Pamelaport, OH 95946;162;715;198
Zachary;Garcia;87936773639;5018254871;332 Hansen Tunnel North Alexandria, KS 77825;163;288;561
Scott;Nelson;88130418004;3192103571;191 Sandoval Cove Jamesshire, KY 40178;164;911;143
Stephanie;Stephens;89639155986;8568124001;82446 Nicole Drive Apt. 722 West Eric, TN 46484;165;169;349
Jamie;Schneider;84816050372;1510779662;200 Steven Light Kimberlychester, MI 60514;166;827;3
Allison;Wilson;81999403785;5173600942;1706 Lisa Center Apt. 378 Krystalchester, TN 41280;167;976;327
John;White;80653782610;6568656318;61319 Lauren Ridges Apt. 095 Lake Ronald, GA 44039;168;275;878
Adam;Chung;80150708076;6819511976;155 Robinson Well Apt. 311 West Michaelside, SD 70265;169;595;484
John;Sanchez;88735969479;9940610397;21800 Erin Point Apt. 613 New Jacquelineside, NE 74453;170;247;930
Katherine;Myers;86896362200;4768848054;44047 Rose Rapids Apt. 695 Whitefort, VT 38755;171;291;698
Erika;Williamson;80474540688;2947495605;6157 Garcia Harbors Suite 888 Clarkport, OH 61686;172;966;341
Briana;Rodriguez;84258776688;1141481965;340 Erin River Suite 054 Heatherton, NV 37414;173;71;781
Sean;Hoffman;87070986664;6592281479;44848 Ray Ridges Suite 053 New Frank, AK 84500;174;310;53
Kelli;Spencer;82152652214;2384725983;8143 Jessica Skyway Apt. 293 South Lindsayfurt, RI 55918;175;730;79
Anthony;Dunn;87792333616;7053689152;63257 Walls Track Louisfurt, WV 82478;176;731;30
Eric;Henry;81749082565;2013955121;81544 Compton Cove Suite 307 East Michael, MA 20015;177;44;876
Lori;Jennings;82131549559;8832432507;29047 Bennett Locks Port Felicia, NH 34689;178;956;998
William;Walker;81244702336;9431706015;71535 Hunter Mission West Cesarfort, DE 09962;179;103;688
Curtis;Branch;88091690036;3136309163;5037 Elizabeth Prairie Apt. 284 Howardland, SD 73065;180;187;861
Kayla;Adams;81922727074;3476995635;577 French Glen Gregorymouth, ME 88279;181;564;534
Crystal;Nielsen;86753552729;3409072778;41123 Gina Plains West Olivia, GA 34955;182;906;44
Scott;Morgan;89683606497;9308288004;337 Michael Fords New Tiffany, WY 43830;183;685;895
Stacy;Kelley;84206549911;1556110817;9996 Jeremy Street Jenniferhaven, MO 61108;184;37;312
Patrick;Miller;89293188867;4896457552;580 Kim Heights Dennisburgh, VA 98116;185;522;735
Dana;Fox;86831565255;2485885700;2179 Diana Row Smithborough, GA 69507;186;113;818
Jessica;Oliver;81997274624;1815707495;07105 Robertson Views Suite 496 South Jody, WI 04955;187;963;397
John;Grant;86000501567;4307805210;63914 Gross Square Ibarrahaven, WV 15989;188;21;479
Charles;Henderson;87358069298;2011183393;Unit 6637 Box 2501 DPO AE 07436;189;76;107
Anthony;Prince;89631238533;8770388640;8211 Heather Ports Michaelfort, SD 75127;190;2;760
Tyler;Johnson;89483835318;9654331924;6886 Michele Islands Apt. 671 Shahton, TN 77650;191;31;426
Maria;Campbell;87865385158;3783747662;USS Marshall FPO AA 58612;192;962;320
Maria;Moore;85811278709;5873272930;3351 Rebecca Walk Suite 367 West Richard, MA 74786;193;983;70
Amanda;Peterson;81399708959;3532625820;36829 Jody Squares Gabriellastad, MD 52789;194;215;692
David;Hale;83762662346;5517782623;5087 Carter Extensions East Andrewville, GA 21741;195;920;143
Emily;Gordon;86585451568;9092679978;83816 Nathan Port Suite 350 Markmouth, NY 96822;196;550;894
Heather;Spence;80347983936;8184717625;96384 Smith Via West Linda, WI 21825;197;648;542
Corey;Moore;84583348365;4968952765;741 Ryan Burgs Apt. 564 Yodertown, VT 46943;198;444;891
Michelle;Mitchell;87653351455;1120735632;520 Austin River Apt. 763 Markstad, WV 38453;199;403;772
Nicole;Mcdaniel;87310197494;3075628207;238 Bond Camp Tanyaburgh, NC 06208;200;67;587
Cynthia;Olsen;80839080525;7620841437;7649 Schmidt Junction Apt. 100 Charlestown, VA 17312;201;733;211
Megan;Porter;83358924786;8431103692;6828 Evans Causeway Hintonport, SD 49485;202;672;291
James;King;80660297932;1635611315;971 Jason Ways New Jenny, KS 86400;203;544;197
Lisa;Adams;81195915102;8015518047;1360 Daniels Stravenue Hallside, NJ 70629;204;717;82
Rhonda;Dillon;89714526719;3287114297;89519 Christopher Canyon New Linda, KS 43164;205;382;237
Brian;Wilson;89211428509;6491967167;7468 Esparza Burgs Apt. 296 Joshuaview, FL 92793;206;29;874
Mary;Bell;89476763272;5917481579;Unit 6109 Box 3286 DPO AP 64586;207;157;229
Tammie;Williams;86679346156;1424718090;31508 Leon Via Suite 281 Melissafort, NY 78505;208;824;890
Laura;Alexander;89990696262;5745520934;2818 Mann Lakes East Christopherfurt, DC 25142;209;496;496
Juan;Valdez;88014387244;2488600554;17811 Billy Radial Suite 077 Amyville, WY 21457;210;715;130
Michael;Walters;83168579442;9457541808;8665 Kimberly Valleys South Jacob, NM 03595;211;562;243
Morgan;Reynolds;88433772150;3414859789;1381 Daniel Summit Stevenston, MO 16442;212;423;369
Ann;Hammond;87467229042;7769924549;236 Smith Bypass Apt. 838 Lake Jessicaview, CO 15272;213;541;551
Brian;Horne;81160236396;5024959385;1440 Holden Highway Suite 827 South Bradystad, IN 50231;214;907;813
David;Cooke;84919110556;7521496043;288 Madeline Station Saraport, CA 56716;215;234;587
Amanda;Hernandez;86385246418;7803099273;97012 Joshua Cape Suite 692 West Tammiefort, CO 36026;216;770;184
Mark;Gardner;85113440972;7011776683;850 Gregg Stream North Erin, MT 20564;217;103;197
Christopher;Brown;84315269253;1967225150;5838 Kimberly Rapid New Donaldfort, TX 02553;218;595;836
Emily;Cook;84371163684;6887163990;Unit 5958 Box 5304 DPO AA 08330;219;565;194
Nicholas;Barnes;83708852952;8911555625;43503 Garrison Plaza Guyside, RI 21217;220;334;518
Kathryn;Powell;86079982419;9230663091;8320 Luis Keys Suite 061 Lake Amandaview, KY 05965;221;549;390
Monica;Davenport;81224429280;3156276875;Unit 8718 Box 2144 DPO AA 59717;222;946;149
Stephanie;Liu;80528597572;1195184711;96209 Gary Ford Apt. 368 West Ninaland, MS 45739;223;754;833
Crystal;Malone;89825012399;3739056871;714 Andrea Coves Apt. 912 North Lisachester, MD 30939;224;702;114
Tracy;Meyers;88143035312;5413110905;15035 Haynes Extension Suite 905 Brianport, WY 62610;225;591;608
Sean;Schaefer;81319111505;9010775797;113 Jensen Cliff Suite 376 Susanhaven, DE 39006;226;790;192
Cynthia;Conrad;88796880031;7938358961;USS Rios FPO AP 96164;227;869;705
Charles;Rivera;84885280858;7391643983;Unit 6515 Box 8779 DPO AE 15714;228;230;887
Curtis;Spence;81050010605;1333724150;36695 Davies Lakes Suite 555 Angelahaven, MI 90815;229;875;23
Angela;Mason;83339851946;9661747947;60155 Kelly Stream South Michael, AL 86878;230;351;820
Shelby;Bennett;83382998749;1594592846;Unit 3852 Box 3752 DPO AE 31497;231;651;346
Brian;Edwards;88272703040;7792292103;560 Ramos Via Lake Justinfurt, ID 31690;232;566;333
Courtney;Richardson;80336368649;8743257400;7380 Thomas Manors Granttown, UT 08165;233;503;539
Erica;Day;86091977019;9969101842;07334 Hill Islands West Heather, AR 22008;234;549;799
Jeremy;Hansen;87854673202;9651445230;79094 Elizabeth Garden Apt. 956 Robertsmouth, NC 75222;235;887;428
Michael;Pena;88033042834;6808569556;799 George Ville West Andrewborough, CT 80481;236;521;126
Sara;Cook;86148780480;7949995228;Unit 0440 Box 3793 DPO AP 81666;237;401;56
Robert;Martinez;87451187846;7412938848;Unit 5083 Box 0321 DPO AE 83488;238;640;497
William;Burton;86709168833;7978357630;65768 Rush Estate Apt. 617 South Laura, IN 43214;239;356;588
Edward;Wilson;85772792814;3739917383;8560 Frank Plains East Karl, NJ 93882;240;65;490
Barbara;Freeman;86349886720;8407890682;USNS Bowman FPO AE 26658;241;150;549
Kim;Johnston;86181701302;3296382583;53346 Kathy Mill Apt. 864 New Kimberly, NC 76602;242;889;954
James;West;85073744057;5124887716;5954 Carlos Garden North April, ME 04847;243;916;998
Travis;Rivera;82928575956;3815303072;92888 Aguirre Tunnel Suite 216 West John, GA 66230;244;861;135
Brittney;Burns;80413895144;4138733208;USNS Jackson FPO AE 38559;245;227;721
Dawn;Williams;87273061259;8128247555;56758 Butler Falls Cookhaven, DE 11515;246;968;375
Sarah;Johnson;83440152169;2453446988;40776 Schmidt Row Apt. 796 New Wendymouth, IA 54494;247;711;829
David;Powell;82505002207;7274240863;02442 Hensley Avenue Apt. 725 Guerreroburgh, AL 80777;248;590;151
Douglas;Murray;86307736467;6271915594;933 Carrie Forges Suite 485 West Jessicashire, SD 72714;249;53;968
Douglas;Oliver;89826815716;8986827725;681 Eric Inlet Suite 575 East Dustinside, NM 84441;250;1000;244
Diana;Norton;82132266780;9530498639;560 Jacob Mountain Suite 646 Joeville, ID 25156;251;106;70
Janet;Anderson;81325335866;9435438797;234 Jones Park Suite 760 Gallowaychester, TN 46187;252;291;885
Courtney;Harrington;84527629077;7218806419;08691 Gray Radial East Megan, MN 03532;253;404;158
Mark;Walters;80448012578;8429346761;2946 Petersen Flat Suite 045 Port Gregoryport, MD 19783;254;147;860
David;Adams;86257738024;5821478403;68901 Lynn Turnpike Murphytown, MI 15137;255;187;893
Erik;Hardy;82159941511;6851593603;898 Cassandra Mountain Coreymouth, MS 67574;256;537;524
Matthew;Jackson;89013637471;4486383778;2085 Crane Curve South Vicki, MD 99329;257;382;287
Kenneth;Sanchez;81660284131;7788872947;USCGC Daniels FPO AA 74455;258;383;784
Maria;Ramirez;84961187233;6763197186;668 Santos Lights New Seanchester, NH 99876;259;586;72
Christina;Ruiz;82885179323;6443159665;67597 Frye Overpass Suite 353 Wernerfort, TN 95919;260;946;660
Nicholas;Donovan;83470523650;5989243821;3262 Shane Burgs Whiteborough, RI 58728;261;379;395
Kelli;Rodriguez;88231258604;7635851077;4145 David Common West Zachary, ID 07821;262;666;660
Amy;Holmes;88783461827;6891749312;91064 Brittany Unions Apt. 117 Davidland, HI 69212;263;238;950
Cody;Davis;89953859263;7605284560;91622 Austin Greens North Nicole, OR 28782;264;955;854
Alejandro;Hamilton;86034452954;9893458916;8108 Lindsey Mount Suite 711 Abigailstad, IL 47672;265;536;216
Cindy;Roberson;89540757606;4765530687;81243 Stevenson Mill South Jasonberg, MT 85258;266;38;199
Tina;Wright;82828313366;8103826259;1624 Michael Cliff Suite 157 Benjaminmouth, HI 35601;267;393;879
Natalie;Levy;88359224027;8740622663;28753 Elizabeth Haven Apt. 633 Lake Christopherton, PA 72862;268;759;414
Dennis;Mills;88586764049;2451051963;1620 Byrd Roads North Stephen, RI 23191;269;417;451
Mark;Conrad;83142920551;1740161264;56697 Wright Mountain Apt. 130 Walkerfort, AZ 18143;270;399;440
Sarah;Anderson;87197207540;7400363487;Unit 7896 Box 2168 DPO AA 46715;271;85;174
Ryan;Reed;80479199905;6695379864;83532 Sarah Tunnel Sharonhaven, IL 67853;272;158;524
Jason;Love;86701090260;9686564446;51846 Snyder Hill Suite 006 Laurenberg, WI 28722;273;960;32
Jamie;Baker;80678901502;2488930650;563 Robert Freeway South Kevinmouth, MD 40847;274;843;970
Edwin;Lewis;81825368014;1267487878;USS Dawson FPO AE 37585;275;326;410
Karen;Good;87882649778;8953537276;126 Payne Corner Suite 790 Port Robert, CA 17619;276;45;421
Rebecca;Phillips;83600363308;7081216317;070 Kelly Freeway Apt. 168 Christinahaven, HI 96643;277;873;405
Holly;Harper;88556896921;2129755981;Unit 3442 Box 3908 DPO AA 93833;278;171;606
Jessica;Norman;89312538396;7950652777;795 Carter Flats Brianstad, NH 04121;279;442;822
Cynthia;Mills;81906600164;1109738766;311 Jason Junctions Apt. 377 New Craigtown, NC 46576;280;11;124
Karen;Cook;83434840347;8786516348;8991 Abigail Inlet North Benjaminmouth, AR 07543;281;196;264
Jasmine;Allen;88915658033;7830155446;83178 Anna Forges Suite 406 Harrisonburgh, IN 06702;282;944;627
John;Ortega;80284804049;9421271261;784 Mclaughlin Cliffs Lake Duane, SC 20271;283;273;782
Monica;Townsend;80084778455;3434521093;17376 Guzman Keys Apt. 512 Port Tracey, MS 40098;284;531;251
Samantha;Robbins;84361836779;5364215329;66799 Maria Rue Suite 303 Shepardville, NE 87964;285;804;687
Lisa;Gaines;81129358132;1534395743;2967 Colleen Fork Markborough, SC 46667;286;649;216
Katherine;Taylor;85439511513;6868579318;047 Potter Haven South Lisa, TX 68889;287;362;782
Joshua;Huber;86309526849;2276154826;Unit 4766 Box 4424 DPO AE 50994;288;224;726
Joseph;Alexander;81564844396;2872293108;93663 Nelson Expressway Darinton, LA 58583;289;625;285
Emma;Quinn;82288890212;7237849601;945 Allison Summit Michellebury, DE 63823;290;315;545
Stephanie;Young;89892363939;3085247360;5227 Daniel Road Jasonberg, KY 38628;291;972;39
Melanie;Fields;81339683026;6848549213;796 Steven Neck Suite 567 East Jessica, AZ 52220;292;950;281
Laura;Hudson;83267888858;3045769081;8857 Lowe Camp South Norma, UT 00920;293;297;148
Lisa;Snow;82446740441;3153847333;59099 Medina Neck Andreabury, NE 48663;294;299;278
Anna;Gomez;89960064520;8032896267;4048 Edwards Skyway Suite 906 South Timothyborough, CA 61483;295;641;37
Earl;Thompson;82037699906;6907760346;57550 Smith Cliffs Suite 346 Henryfurt, WI 22632;296;754;496
Steven;Kelly;85336063219;6512969470;35731 Phillips Passage Port Stephen, IA 39332;297;850;44
Sharon;Gallagher;85722125171;4266718210;48282 Andrew Island Lake Calvin, WI 10250;298;340;643
James;Reese;88152420521;6165963877;838 Ellis Ville New Steven, NH 95155;299;256;234
Becky;Ortiz;81914923751;3267453367;10518 Anthony Rest Suite 246 Hardyshire, AL 20447;300;654;62
Bailey;Wilson;82604904751;5860660252;581 Wallace Squares Suite 341 Owensstad, MI 71299;301;843;918
Sara;Jenkins;89239446542;7476896127;0917 Simpson Crest North Rhondamouth, WV 10295;302;319;533
Aaron;Austin;89774725659;7661238435;7606 Johnson Walks Thomasborough, HI 39082;303;281;73
Grace;Ward;84866272079;3093341777;9205 Conner Greens Apt. 971 Port Tiffanyport, OK 50112;304;303;480
Caitlin;Brown;89152908952;8857239394;158 Burton Spring Port Troy, MA 05263;305;154;996
Belinda;Martin;84791405229;3557104184;798 Smith Mills Browningmouth, MD 76030;306;136;942
Mark;Pierce;89647411140;6558152196;15154 Mason Rapids East Heatherland, NC 29752;307;365;899
Vickie;Bauer;81088773524;4852193711;7563 King Squares Mullinsfurt, DE 07336;308;138;258
Edward;Hardin;84309183685;8932820112;93741 Brewer Fork Apt. 305 North David, CO 24596;309;404;63
Richard;Flynn;89313281412;5669799663;286 Campbell Mountain Watersshire, MO 14912;310;290;935
Brian;Beltran;82901623368;6164626810;7937 Horton Extension Suite 944 Christophershire, WV 71027;311;670;311
Grace;Perez;89955635442;3020785733;PSC 1570, Box 7527 APO AP 23743;312;15;180
Ashley;Bennett;88477859854;6594741485;788 Rodriguez Unions Melissahaven, NC 85418;313;957;301
Emily;Pierce;83867576897;8330452301;30724 John Cape Apt. 204 New Angela, SC 80825;314;847;929
Alicia;Lopez;86450906855;8918254982;Unit 1813 Box 9146 DPO AA 06969;315;548;466
Mark;Davis;81043621845;1655268442;USNS Williams FPO AA 34082;316;893;553
Jim;Morrison;85611369525;3842537054;15603 Emma Stream Johnside, MS 08140;317;709;787
Stacey;Vasquez;81512727555;2568144358;667 Martin Manor Apt. 005 West Cassandra, NY 41303;318;178;578
Janice;Wells;85841255429;8550782520;5050 Mccarthy Canyon Josephtown, AZ 04729;319;377;289
Roy;Banks;81877842551;8727039511;14393 Johnson Lakes West Charles, NV 94252;320;643;880
Joseph;Baker;86044979814;2015172061;836 May Shoal Suite 837 East Michele, AL 93171;321;983;348
Rachel;Martinez;87319492266;1736197919;34456 Randy Pike Suite 679 North Linda, NC 49657;322;643;150
Justin;Fuentes;87703573420;3126525405;87369 Jennifer Fall New Cynthialand, ND 52367;323;865;225
Deanna;Trujillo;86345478309;4554087825;7613 Mike Village North John, WY 67095;324;55;327
Stephanie;Koch;88427269688;1189226959;PSC 1289, Box 9448 APO AA 43590;325;497;413
Susan;Hunter;87151693015;7531056036;75299 Bianca Junction Suite 926 New Jaimemouth, MS 73447;326;773;684
Manuel;Moses;83727954619;9338492458;641 Maria Coves Suite 740 Farmerview, IN 88599;327;610;353
Donald;Baker;80940702842;1532174643;4603 Flores Mews Lake Ruth, DC 47515;328;331;852
Jennifer;Mitchell;81594376341;4394540498;804 Emily Court Janetville, TX 36778;329;710;570
Mark;Ashley;81555844726;2496254363;USNS Lopez FPO AE 62274;330;136;234
Michael;Mathis;85139418918;3227262767;13674 Brian Ville Sandershaven, WI 15500;331;558;222
Theresa;Johnson;85657433696;8361743726;57596 Robinson Terrace Apt. 922 Wellschester, IA 68763;332;635;676
Andrea;Cline;87728505540;8562995191;38335 Miller Fork South Charles, CT 87283;333;822;310
Daniel;James;89421169294;3159027434;1663 Phillips Inlet Suite 536 New Krista, VT 06848;334;978;515
Brittany;James;84191355215;6113088790;9512 Dixon Valley Suite 518 Crossmouth, CT 19656;335;725;30
Jason;Hall;86313576769;2110947003;3260 Richard Cliff Lamburgh, SD 56143;336;433;282
Katie;Smith;88040377153;8107479698;2016 Norman Orchard Suite 398 Amandatown, AZ 59974;337;686;917
Ashley;Sanchez;81363647308;4853943431;PSC 7008, Box 2927 APO AA 58729;338;975;304
David;Matthews;82638203161;5702457335;67287 Frey Wall Apt. 163 East Katherine, WV 04223;339;165;939
Maxwell;Pacheco;89558000589;3905539793;PSC 1171, Box 5837 APO AA 61279;340;144;772
John;Gardner;87594154225;2653588192;950 Perry Harbors Edwardsborough, ID 51399;341;834;204
Samantha;Fox;87920198871;8918320196;07211 Hayley Crossing Suite 843 South Aaron, GA 77371;342;390;487
Hunter;Smith;84335911819;4501358058;73754 Cox Radial Port Kaitlynfort, IA 87243;343;636;232
Diana;Vega;89732249271;4401259025;272 Michelle Points Suite 077 Buchananshire, WV 44710;344;536;77
Robert;Young;87062401933;4815736636;74886 Daniel Grove East Karenland, MD 60157;345;512;230
Tracey;Bennett;82384801796;1447925035;20197 Nicole Viaduct Suite 622 Danielleland, CA 74314;346;711;300
Susan;Baxter;89887881147;8196457408;9661 Amy Plain Apt. 424 Jenkinsville, RI 62005;347;348;419
Jenna;Lozano;82554309074;6853405418;25927 James Greens East Paul, MO 41810;348;217;602
Toni;Mercado;83335403099;2025577080;525 Gary Court Chavezmouth, NE 22187;349;437;955
James;Huff;89807088552;1252742023;69524 Carrillo Route Turnerfort, TX 47006;350;767;411
Kimberly;Palmer;84036265836;8834343928;800 Harmon Springs Suite 826 Port Taylor, WV 53584;351;857;710
Jeffrey;Soto;89614309752;6524602841;8524 Cox Islands Port Maria, ID 16153;352;30;600
Mary;Kemp;86719693875;4984652673;992 Leslie Mountain Merrittland, CT 27056;353;456;51
Caleb;Dominguez;81170003139;2949220154;3644 Crystal Landing Johnside, WY 95815;354;684;755
Aaron;Smith;89441866029;6207300841;5482 Murphy Valleys West Jontown, WY 62561;355;61;939
Amber;Singleton;88002785450;2321581813;954 Michelle Ford Apt. 759 New Bryan, MS 25588;356;454;109
Todd;Johns;87280937212;3289352876;965 Smith Inlet South Jamesside, ND 50335;357;975;671
Joshua;Mann;80713617124;8833012756;5048 Mendoza Square North Donald, AK 05869;358;629;232
Jacob;Cruz;86431347076;1085744117;03836 Kevin Neck Geoffreystad, KY 93515;359;362;429
Daniel;Hardin;81678051378;6335324890;199 Robinson Forks Suite 415 South Megan, WI 46614;360;463;484
Elizabeth;Terry;88888532056;4323566377;82540 Stephens Harbor Ramosbury, CA 35059;361;548;691
Jessica;Walker;82381083946;4382671594;PSC 5938, Box 5626 APO AP 50958;362;957;129
Megan;Levine;84848425898;4232938462;PSC 8206, Box 6627 APO AE 79982;363;624;570
Elizabeth;Parks;83194667561;8720707040;060 Yang Route Hoodside, VA 64137;364;127;871
Jennifer;Simmons;89130676058;5127350267;USNS Dean FPO AP 70182;365;873;613
Anna;Lee;83390682573;5047209301;5009 Jackie Burg Davidbury, DE 84672;366;67;867
Jennifer;English;89185984798;8714814168;1340 Molly Creek Apt. 850 South Gabriellehaven, IA 68949;367;492;57
Jeffrey;Nelson;81109395258;5139525757;8722 Crane Stream Apt. 645 Lopezstad, WV 13044;368;33;672
Joseph;Ward;83297395576;7097310721;95903 White Road Middletonborough, IL 75363;369;570;685
Alexis;Tucker;87481198134;8789665202;35412 Robles Lights New Lauramouth, MD 84622;370;631;277
Lori;Mooney;83091950425;2196942646;Unit 4051 Box 8753 DPO AE 81604;371;911;975
Ryan;Hill;80123421113;3936137527;078 Miller Shoals Greerton, GA 40969;372;538;533
Bradley;Elliott;84535224070;4707956878;336 Parsons Trail Suite 301 Kiddborough, DE 54106;373;361;676
Larry;Goodwin;87686632828;6412434389;70234 Pittman Forest Apt. 051 East Sarahshire, HI 50536;374;401;631
Dustin;Harris;82964263485;2995335690;0876 Spencer Cliff North Shelbyhaven, OK 95750;375;519;7
Roger;Smith;87021600995;6525832623;PSC 4784, Box 7163 APO AP 77581;376;140;192
John;Wallace;80072590769;7860365282;27520 Mack Parks Welchshire, MD 54362;377;477;653
Aaron;Davis;89457200996;5418694108;10541 Martinez Fort Apt. 550 New Ricardo, NV 47508;378;566;94
Paul;Ellis;80124544272;4398088328;57012 Sarah Drives Rebeccaton, NV 54023;379;81;861
Teresa;Preston;89664566353;3007110494;22481 Lance Lakes Suite 425 East Charles, WY 63415;380;9;58
Kenneth;Petersen;86788430591;5940846035;5875 Cook Dale North Anthony, DE 84317;381;450;253
Sherri;Peck;83068963387;9170063347;9495 Ross Shores Suite 101 Lake Daniel, GA 96030;382;985;964
Daniel;Bowman;84957568381;8978132912;4263 Harrington Land West Paulland, HI 73317;383;651;512
Mary;White;83244117908;8441708045;101 Sanchez Flat Suite 862 Tarashire, WV 84888;384;597;774
Melanie;Wright;85219230927;2173010405;1636 Leah Route Apt. 439 East Brenda, GA 65385;385;591;455
Sarah;Johnson;88408562465;8969897078;97901 Mason Underpass South Phyllisside, DE 08735;386;764;478
Jack;Logan;85015415319;4164380538;646 Reid Garden Garrettchester, SC 85532;387;910;82
Jamie;Robbins;84678990996;4182313852;8234 Melanie Harbor Thomasshire, OH 65414;388;531;58
Ryan;Rodriguez;83359321260;2912936706;64836 Robinson Center Greeneville, LA 39450;389;950;508
Russell;Massey;86938776266;8355852667;USCGC Higgins FPO AA 51306;390;309;375
David;Ross;80692116812;5532356074;339 Jenkins Cove Suite 628 Sotostad, DC 66915;391;233;878
Erica;Ballard;87352192049;3342867476;97792 Ian Park Katherineport, DC 87661;392;891;69
Kevin;Williams;82491876303;8133193182;8892 Velasquez Isle Apt. 789 Lawsontown, LA 83364;393;852;102
Denise;Meyers;85919814239;8702608903;7174 Thompson Rue Apt. 917 Johnview, CA 13202;394;66;539
Michael;Brewer;85332527089;6149952414;87293 Vargas Station Suite 303 Juarezstad, AK 49585;395;25;655
Michael;Harris;87305546761;4153940379;574 Jennifer Meadows Suite 412 Stephenhaven, MO 48242;396;979;255
Sean;Davis;83941567399;4789445451;7139 Randall Village New John, KS 39837;397;541;868
Brian;Smith;86197577976;1914612855;9964 Cooper Light Apt. 126 Port Sarah, DC 51757;398;421;92
Catherine;Campbell;80055610937;1229251549;16744 Palmer Trafficway Michaelborough, WA 22515;399;19;648
Destiny;Acosta;89982776832;1552689226;6850 Leslie Junctions Apt. 731 North Johnberg, FL 67716;400;857;675
Mary;Foster;84644648949;9037039917;63882 Taylor Well Suite 238 North John, RI 93305;401;710;54
Eileen;Soto;86593857371;5560585245;078 Carr Camp Apt. 923 North Dawnton, TN 22106;402;803;75
Nicholas;Lewis;80356091638;9021250208;5826 Patrick Square Apt. 891 Port Sydney, OH 35049;403;795;225
Sherri;Taylor;80146650978;3929269103;12507 Evans Falls Suite 161 Port Tonyabury, MD 90449;404;927;46
Christopher;Weaver;88056939192;3453950503;USS Wilson FPO AA 29268;405;294;900
Michelle;Dennis;80759670689;4641470567;14942 Williams Fords Apt. 425 New Jose, ME 40521;406;378;442
Tiffany;Booth;81592190065;4691674312;079 Mccoy Islands Apt. 032 Dominicmouth, NM 67593;407;873;467
Tyler;Perry;82681900539;2996438417;909 Brandon Key Suite 055 East Marybury, AL 84858;408;181;148
Jennifer;Porter;88824492305;6478678066;Unit 0598 Box 5416 DPO AP 90563;409;935;58
Rachael;Dominguez;87869993385;4058843158;1599 Chad Harbors Suite 117 New Daniellemouth, LA 73647;410;861;111
Brian;Clay;86647154326;6191636159;Unit 7517 Box 8058 DPO AA 10774;411;625;590
Michelle;Wu;82980654404;1829403865;9002 John Mountains Apt. 482 North Timothy, WI 19918;412;245;911
Brent;Duran;89995257501;6074974083;8996 David Inlet Suite 378 West Jennifer, IL 57561;413;207;981
Kelly;Gardner;89303338997;1211997015;984 Gonzalez Views Suite 283 West Ronaldshire, WI 63184;414;651;353
Nicole;Young;85462074990;2686968181;470 Troy Mills North Nicoleville, FL 12225;415;742;977
Sharon;Johnson;89428105197;8105526471;4062 Saunders Port Webbville, NJ 85250;416;380;513
Thomas;House;89977843019;8044507389;58415 Carol Parkways Suite 191 West Shawn, FL 05851;417;904;616
Jason;Brown;82882266724;7314929368;2579 Peters Ridges West Jo, OR 83675;418;975;254
Tiffany;Ponce;86925683537;1069235802;253 Danielle Union Suite 213 Harrisport, TN 26769;419;508;87
Stephen;Smith;84722625808;1679166100;505 Mccoy Heights Robertsonbury, OH 85959;420;675;284
Timothy;Gilmore;89912760417;2803135779;24137 Marcus Valleys Apt. 784 Kellyview, NH 55293;421;219;916
Michelle;Martinez;83677534421;9093225598;4031 Veronica Track Raymondside, FL 36970;422;691;811
Daniel;Porter;84692261077;7418920402;922 Owens Ferry Suite 465 Lake Annaland, AL 31666;423;476;419
Michael;Eaton;80933755772;7802580698;Unit 2684 Box 3376 DPO AE 06510;424;424;922
Reginald;Walker;89258582520;4991209891;20931 Peterson Parkways Richmondhaven, TX 04044;425;684;299
Crystal;Kelley;82880356217;4433279162;91296 Fry Knoll Suite 547 North Adrianahaven, IA 55268;426;534;672
Joseph;Miller;85239799441;9116287947;PSC 7450, Box 2587 APO AP 14106;427;838;499
Sandra;Harris;81472126749;9015146787;24052 Humphrey Mills Suite 436 Paulbury, NH 26257;428;217;213
Jennifer;Randall;86532335167;5820209156;928 Alexandria Cape Charlesborough, NY 51116;429;827;82
Terri;Fowler;84345092828;2756606699;8133 Campbell Mill South Jenniferburgh, CA 79743;430;812;233
Brianna;Meyer;84239667291;5070072613;9931 Brian Common Blanchardfurt, CA 09126;431;16;912
Jennifer;Peterson;89414216433;8677066185;03806 Lewis Unions Apt. 245 East Tinaland, AZ 41357;432;867;245
Amy;Lopez;87654196124;3269907853;1286 Long Trace Apt. 441 Chavezmouth, OK 23361;433;297;634
Kimberly;Caldwell;85177505657;1605661290;5675 Mayer Prairie Suite 030 Ericfort, NH 81767;434;201;656
Olivia;Harvey;81581821889;1003867057;6892 Diaz Extensions Apt. 291 Lake Frankton, WI 22222;435;413;663
Dana;Burton;86035211321;1837518165;70287 Frank Hill Apt. 019 Smithview, FL 05027;436;112;53
Amy;Rodriguez;85983503726;6654174390;7860 Hughes Street Deborahstad, KS 48842;437;48;443
Michael;Allen;80975770620;3775348144;84900 Herrera Springs Victoriaburgh, OH 41039;438;19;289
Michael;Diaz;80263661374;4442487689;PSC 2206, Box 5311 APO AP 78211;439;847;220
Katrina;West;84801836603;2883434576;2268 Lauren Trail New Paulmouth, NC 40641;440;509;824
Keith;Stanley;83229453251;4716977273;PSC 7582, Box 0292 APO AP 39995;441;861;176
Kayla;Molina;85038230715;9452883006;Unit 5061 Box 7955 DPO AE 35187;442;791;885
Cynthia;Thomas;81236803317;2842299919;989 Young Loop Suite 319 Taramouth, MD 28367;443;916;208
Amy;Ramirez;88931978961;1490913196;28278 Nguyen Valleys Lake Williamton, WI 11382;444;338;6
Marcus;Eaton;81814238130;3253312389;876 Hicks Street Karaport, MN 05587;445;266;761
Kelsey;Rollins;86945822599;1286858899;0459 Curtis Corners Port Jeffery, OH 51324;446;287;759
Lisa;Camacho;84613015532;3995777070;02854 Gates Camp Apt. 277 Port Monica, IN 95932;447;249;807
William;Schmitt;85316152872;4241113519;3098 Martin Mews Christopherport, AL 88821;448;805;687
Brittany;Hobbs;85294885914;5070550338;895 Jennifer Burg Apt. 855 Port Nicholas, DC 92164;449;429;731
Collin;Yates;85917222216;9030791515;4993 Steven Lane Suite 577 Griffinmouth, MD 96827;450;912;284
Ronald;Johnson;84258017216;2038973655;59198 Yesenia Mountains Karaland, MO 95754;451;222;488
Natalie;Young;86881675704;2008555519;19309 Blevins Oval Suite 229 Pottermouth, TN 63688;452;758;741
Victor;Jones;85246208522;6999889130;USNV Cuevas FPO AA 49089;453;998;129
Eric;Cruz;83503149348;8086689576;58644 Christopher Shore Moodymouth, KY 41815;454;558;726
Andrea;Harris;88723806509;9902877911;8467 Samantha Stream Suite 362 Lake Seanport, SC 93960;455;678;829
Bobby;Tapia;83892794428;2294122734;89993 Alison Spring Parksburgh, WI 35714;456;468;850
Beth;Nolan;85581700196;4432430785;03901 Clifford Stream Suite 773 New Amy, OK 35454;457;919;422
Danielle;Moore;80712705025;6657452797;491 Bentley Plaza Apt. 609 Grayborough, IL 64326;458;661;187
Tara;Kane;82016238097;3039754929;PSC 2316, Box 8923 APO AE 98047;459;795;710
Steven;Ballard;88703958217;8930348527;18936 James Plaza Suite 233 Lake Jonathan, CA 81940;460;746;596
Emily;Mcconnell;88338194283;9194368562;23275 Robert Manors Port Kim, MO 95080;461;310;772
Joshua;Sullivan;89355871643;4840835799;95053 Bell Flat West Jeffreyville, CT 65425;462;393;318
Tracy;Fisher;83719118022;6398266017;31496 Gamble Burgs Suite 172 New Thomas, NY 83283;463;196;683
Jason;Hall;83438565534;9590570644;692 Trujillo Keys Suite 419 Mcmahonland, UT 17409;464;914;990
Jamie;Adams;85969045871;5175812649;1520 Lori Trail New William, AR 57731;465;646;31
Christine;Ferguson;87945332559;3463383192;9710 Bowman Ferry Suite 039 Sullivanland, NJ 71161;466;685;749
Billy;Davis;83576814755;2993553632;809 Williams Canyon New Guy, NY 06224;467;866;288
Mitchell;Harper;82368609231;9977391945;4613 Nelson Point West Krista, CA 42168;468;958;592
Brianna;Barnes;80168590653;4100824517;078 Ford Groves Suite 658 Ramseyborough, MD 12723;469;240;775
Benjamin;Hunt;89585163356;3009096952;82544 Caitlyn Rue Jenniferberg, MT 81688;470;68;816
Nichole;Murphy;89389153657;8027931024;208 Valentine Meadows Apt. 954 New Jessica, NJ 18368;471;7;803
Sara;Thompson;88142834877;1492857190;96851 Vanessa Mountains Danieltown, OH 65273;472;746;373
Marcus;Brooks;89355526273;6502099959;599 Newton Squares Apt. 673 New Nathanielstad, OK 40285;473;808;39
Mark;Hoffman;83539502889;9837046710;4144 Michael Island Apt. 667 Johnsonmouth, MS 74216;474;356;625
Anita;Shepard;84162423046;4367401136;87828 Karen Shoals Richardmouth, MD 22786;475;982;508
Andrea;Johnson;83222311465;1654103352;47359 Vincent Viaduct East Lisa, MS 22115;476;987;44
Thomas;Shah;83380788093;2643037989;517 James Run Apt. 388 Leonardbury, MN 34899;477;357;649
Jessica;Lee;80977114739;2385601154;7434 Kristy Course Apt. 242 Anthonyberg, FL 96348;478;27;348
Linda;Anderson;82689253302;2224009342;1852 Collins Squares Port James, CT 32107;479;778;141
Bryce;Mann;87208297601;2051094839;4262 Monica Pines Dennismouth, MN 65575;480;903;695
Joseph;Greene;84759820611;1135645645;6196 Cynthia Canyon Joshuamouth, NV 95044;481;128;365
Jeffrey;Meza;85632043999;4976365314;47524 Davis Station Suite 457 South Saramouth, CA 33194;482;891;917
Nicole;Carter;89343525981;4992838545;73806 King Street Whiteberg, PA 14359;483;335;216
Jennifer;Fitzpatrick;81156073672;5701087826;4974 Julie Ramp Lake Jillberg, RI 50232;484;619;996
Donna;Buchanan;80447599626;8863990640;234 Santiago Camp Suite 653 Timothystad, NJ 56307;485;399;755
Lori;Ramirez;86021723123;3309590521;769 Burns Locks Vasquezmouth, KS 75681;486;743;296
Chris;Smith;81969899597;1661893257;5201 Huynh Way Apt. 423 North Willie, CO 66875;487;248;53
Sarah;Silva;84575306449;9717325963;86852 Munoz Street New Mario, MD 30894;488;95;400
Brian;Davis;87433131894;2284219926;174 Todd Street South Elizabethland, ND 76338;489;838;312
Alexis;Ford;80795170431;2292323667;213 Robert Estates Suite 776 Kristinshire, TN 57334;490;998;464
Jimmy;Alexander;80686505252;2492412524;118 Roberto Mission South Amberfurt, MA 15575;491;28;247
Matthew;Obrien;80339051882;8414743698;USNS Baldwin FPO AP 27322;492;782;888
Michaela;Lin;85564886154;1717280843;8369 Theresa Green Suite 381 West Jessicashire, CT 92474;493;364;614
Lisa;Kennedy;80478864842;9867556218;13377 Francis Courts Apt. 304 North Sheilaborough, OK 73668;494;89;554
Jacob;Castillo;81042526614;2353983828;82662 Petty Junctions Suite 568 Martinton, ID 97961;495;285;80
Mark;Rodriguez;86833070864;1249697239;42136 York Tunnel Suite 010 Pruittshire, NY 15429;496;307;451
Laura;Arellano;86361202195;5895060747;1874 Jason Stravenue Suite 490 East Norman, MO 15440;497;608;18
Robin;Cruz;89266822950;6212538496;6154 Nicholas Keys Suite 478 Mooreside, WY 20008;498;532;703
Kimberly;Shaw;81472373077;7980313870;3928 Williams Corners Apt. 763 East Susanmouth, VA 69981;499;376;115
Kara;Fuentes;84141917198;9645431888;8666 Briana Center Deleonstad, NC 36540;500;957;434
David;Turner;88083512899;8081065102;967 Ross Estate Suite 755 Lake Veronica, DE 03059;501;903;169
Jill;Lewis;87540121291;3754871958;620 Leroy Square Apt. 341 East Suzanneberg, KS 27934;502;906;11
Thomas;Baker;83225166814;8148736217;139 Turner Mall Apt. 530 Ryanberg, AZ 79959;503;898;260
Angela;Duncan;81480815603;3375605191;398 Ramirez Terrace Apt. 602 Zhangborough, OH 66943;504;848;795
David;Smith;89214878828;5108912700;USCGC Vance FPO AE 92039;505;783;564
Wendy;Sparks;86662940202;4279585167;240 David Oval West Paulstad, OR 69105;506;329;419
Mark;Warren;88775218510;5805512654;829 Rebecca Dam Apt. 811 Frazierstad, DC 39814;507;750;585
Dylan;Forbes;88228070374;9386252280;279 Gomez Place Samanthaborough, ND 79388;508;272;362
Miranda;Solis;87708812205;8480235451;78074 Webster Hills Suite 295 Jessicaton, RI 72834;509;234;88
Jessica;Chambers;89463480412;7349510104;475 Wanda Burg Apt. 862 Ashleymouth, MA 83344;510;347;502
Nicole;Kemp;88939842058;4864353945;377 Brown Summit Lake Brianside, KS 13149;511;683;254
Elizabeth;Hatfield;86154422298;8741108357;7046 Hinton Dam Lake Tyronehaven, MD 16802;512;744;568
Jacqueline;Small;81276017399;9350687943;545 Dean Junction Apt. 893 New Thomas, OK 19484;513;937;228
Jennifer;Williams;86309833339;5222687909;1573 Rich Mill Suite 227 Thompsonfort, OH 47535;514;627;615
Elizabeth;Murphy;81128433777;8560006580;4163 Michael Field South Seanchester, NV 90756;515;5;546
Joshua;Murillo;86959814488;8503253907;037 Timothy Ferry Apt. 722 Lake Nicoletown, GA 95779;516;692;448
Abigail;Huber;82321163891;1331616167;27176 White Extensions North Kyle, NE 92933;517;141;294
Belinda;Thomas;86571785096;1060596962;1835 Grant Flats Suite 777 North Richard, DE 13629;518;718;684
Kelly;Garcia;85392571023;4300161879;612 Williams Motorway Apt. 916 Cunninghamshire, HI 46739;519;940;850
Amber;Williams;88175785031;8788835060;76882 Daniel Centers North Jessica, WY 38812;520;249;931
Cassidy;Huynh;86346166684;4232040959;USS Wilson FPO AE 96603;521;884;340
Robert;Allen;82536932117;5228289994;3000 Steven Row Suite 892 Port Andrewville, VT 01055;522;899;532
Kathleen;Mitchell;86594983050;7389967560;23282 John Point Apt. 304 Maldonadostad, TN 42659;523;658;396
Jeremiah;Velasquez;82661422687;8711999084;73346 Amy Radial Apt. 573 Ramirezmouth, MS 40146;524;383;477
Michelle;Fry;82639878535;6907851085;40422 Jackson Springs East Isaiahtown, IA 31966;525;975;211
Michael;Floyd;80639445145;6277076437;44691 Mendoza Views Andersonmouth, CA 30884;526;288;895
Lisa;Dixon;84600141976;5763787270;85810 Chen Shoal Sharonmouth, NC 37336;527;399;253
Philip;Travis;87831715775;7912098018;310 Erica Corner Suite 207 Michaelshire, UT 32615;528;728;33
Angela;Weber;80832307850;1143044795;6883 Henry Overpass Apt. 167 Cherylburgh, LA 28048;529;782;248
Jonathan;Armstrong;87086598524;8684764646;7786 Vargas Port Apt. 320 New Annette, OR 81116;530;117;60
Robert;Johnson;85604492945;9855503939;8169 Russell Forest Suite 925 Greenville, TN 74177;531;799;802
Sally;Spencer;83386366202;7016006849;01125 Jay Keys Apt. 641 Christopherstad, NV 14701;532;845;860
Albert;Ho;88732992382;8899597443;1509 Scott Corners East Amanda, NJ 02692;533;302;398
Jacob;Skinner;89514359724;2600739437;1606 Ochoa Plain Lake Thomas, IA 74648;534;231;514
Andrea;Hoover;83741030477;3518930920;341 Anna Village Suite 054 Port Jamiehaven, TX 18999;535;713;387
James;Wilson;85054142012;5986157945;0740 Meyers Motorway East Erik, AR 11570;536;377;906
Dustin;Martin;83267149674;8900502666;144 Deborah Branch Nunezchester, AK 44912;537;1000;537
Lori;Kramer;86847829861;1321756996;205 Craig Neck Michaelhaven, AK 80364;538;349;735
Glen;Barnett;88623087101;7801144155;USCGC Miller FPO AE 39098;539;674;590
Dominic;Cooke;88970332472;4121040958;263 Barr Shore Apt. 371 Jeffreyville, OH 95940;540;41;5
Natalie;Mcclain;87517900125;7628679936;36777 Timothy Pine Shannonfort, KY 39102;541;821;78
Lauren;Oneill;82207236881;1046310301;364 Walsh Neck Apt. 280 Brownview, WV 65352;542;444;913
Joshua;Gutierrez;81907563760;1318060246;9122 Melissa Walks Joyceburgh, UT 66201;543;686;261
Jorge;Lopez;83874056752;5734452797;5683 Carter Wall Chapmanburgh, KS 59686;544;767;871
Sarah;Archer;86850280714;1091136160;114 James Lane Apt. 268 Sanderston, ME 64953;545;694;783
Keith;Luna;87863378963;9097778374;422 Kevin Rapid Suite 790 Christineside, SC 28052;546;294;687
Mary;Ramirez;87119806328;3087920073;140 Henderson Vista Tracymouth, GA 74858;547;616;661
Stephen;Moreno;86562714185;6862464058;993 Ronnie Track Apt. 629 Prattburgh, CO 23210;548;713;519
Mary;Graham;89359468731;4909313428;5379 Ronald Shores Jacobborough, CT 67427;549;44;903
Mark;Moss;82106995385;1793328178;9169 Hess Mills West Kayla, NH 27257;550;850;484
Logan;Ryan;82208313600;5001618484;2151 Kimberly Dam Apt. 812 Lake Brandon, NY 11072;551;595;248
Amy;Sexton;88910208888;8426525697;39848 Parsons Radial New Tracy, NM 05094;552;439;388
Mary;Reyes;86090049880;3981607655;679 Cody Motorway West Kevinview, TN 52216;553;997;142
Victoria;Medina;84311746911;8751005350;7485 Daniel Plaza Lake Michaelton, AZ 82790;554;407;244
Christopher;Wilson;80786319420;6464881669;664 Burns Brook East Tracy, MA 22192;555;889;537
Ricky;Russell;81234782598;8924159786;256 Noble Track North Jasonhaven, TN 75124;556;165;929
David;Cox;83648593869;6918249082;96874 Allen Springs Suite 757 Juliemouth, VA 92691;557;259;350
Stephen;Stone;84818467892;1613543176;764 Thomas Unions Apt. 346 Ashleyland, IL 51043;558;914;643
William;Montoya;83654216698;5975384550;737 Todd Light Weaverfort, OK 05079;559;936;209
Connie;Hayes;80271438842;6530406784;61265 James Overpass Suite 390 Port Craig, AR 20361;560;893;209
James;Hill;83786075441;6199834850;4396 Rebecca Roads Lake Connie, HI 16370;561;505;115
Rhonda;Byrd;85024192544;6623422089;93660 Matthew Walk Norrisfort, AL 18514;562;245;46
Brandon;Williams;81300086540;6238976817;USS Clark FPO AP 56880;563;698;714
Pamela;Payne;84307636349;6436679271;1652 Amy Tunnel Apt. 998 North Nathanburgh, CA 08059;564;518;843
Edward;Coffey;81594869021;3951770109;492 Mann Forges Suite 423 Andersonshire, ME 49616;565;236;403
Mary;Dixon;83609775253;8452400200;375 Tyler Camp Apt. 641 Brookeville, AR 47867;566;698;170
George;Ho;87337102352;3835412463;1510 Lawrence Street Phamton, MA 07771;567;250;271
Lance;Burton;87892886569;7543479162;744 Barbara Key Suite 664 Thomasburgh, FL 75516;568;588;482
Alicia;Khan;81848575513;4578682126;813 Flores Fall Kennethbury, MS 71554;569;175;655
Adam;Hall;86179408365;9307053760;25425 Lee Fort Robertmouth, DE 57160;570;160;96
Brenda;Roberts;89019152612;5482553435;5242 Victor Coves North Loriborough, NE 48173;571;715;342
Jessica;Warner;89958087093;7084860133;554 Bean Loaf Suite 060 Shahhaven, SD 88781;572;445;301
Bobby;Thompson;81441398889;7269315108;345 Porter Isle Suite 388 East Barbaraport, VT 57044;573;796;206
Elizabeth;Barton;83325984011;5535757708;0643 Jacqueline Rest Apt. 693 West Mary, LA 07098;574;754;80
Elizabeth;Stevenson;86470350212;5522011579;660 Diaz Mill East Shawnaland, TN 56831;575;442;162
Christopher;Ramsey;89328827193;6652111864;20774 Shannon Point Apt. 267 New Breanna, NY 48866;576;850;84
Rachel;Jones;87887978214;6912913360;921 Andrew Cliff Suite 159 South Joseph, MI 95528;577;293;80
Julie;Gonzalez;84641342383;4913905918;0204 Flores Parks Edwardburgh, KS 91262;578;494;92
Crystal;Ramsey;83357174480;2275283810;02745 Donaldson Expressway Suite 125 Port Davidfort, MA 72399;579;157;137
Deborah;French;81865648283;2559360114;0138 Miller Rapid Angelaburgh, AL 92007;580;681;52
Robin;Pena;89522865094;5021937937;7933 Chang Spurs Apt. 448 Joshuaside, TN 86690;581;322;923
Matthew;Diaz;80424340328;7131151608;803 John Overpass Suite 736 Georgetown, MD 43517;582;868;969
Peggy;Harris;80797230775;2471697779;32563 Jeremy Turnpike Pereztown, KS 64436;583;384;982
Steven;Gonzalez;88445816427;4476819064;748 Jones Plains Jacobburgh, KS 84756;584;404;772
Kimberly;Thomas;88968488056;4113715355;431 Moss Inlet Apt. 207 Holdenton, IA 93630;585;898;461
Shane;Todd;82075754116;8613097612;3484 Reyes Drive South Sandraport, TX 19739;586;367;821
Crystal;Powell;81077630674;1685289199;9586 Diane Groves Billyborough, WV 44515;587;592;517
Lindsay;Nixon;87908801963;7017595208;2555 Lewis Ways Mooneyton, HI 10914;588;474;551
Melissa;Burke;81014835109;7948420022;69060 Jones Plains Suite 908 East Matthewside, AZ 85189;589;536;64
Sharon;Parker;86133567163;5320916556;68309 Joseph Flat Lauramouth, AZ 30904;590;207;390
Debbie;Harrell;83276061816;8202136445;12835 Clark Grove North Donna, KY 74059;591;608;709
David;Olsen;89402526603;1786357605;3353 Alexis Passage Apt. 981 West Zachary, CO 07508;592;810;523
Julie;Deleon;88358661011;5166618657;1915 Berg Ridge Johnstonmouth, ND 82648;593;228;579
Jeffrey;Jackson;85456801014;5404742185;440 Hutchinson Spring Apt. 761 Marieburgh, MD 66190;594;597;443
Sarah;Ward;80419140608;4806854973;4408 Michelle Orchard North Taylorville, ME 98875;595;800;331
Nicole;Herrera;84160319247;1142724713;25406 Martinez Center Suite 194 East Donaldhaven, MA 36817;596;10;970
Daniel;Robertson;85742935630;3410657829;0401 Sara Dale Moorehaven, OR 33733;597;418;912
Deanna;Perry;87788437020;3531204400;902 Krueger Fall Gonzalesstad, MT 65330;598;671;803
Sonia;Craig;84009462851;9473288982;75284 John Locks New Antoniomouth, WV 32103;599;989;31
Sarah;Thompson;88320698190;9735781790;143 Hernandez Estates Apt. 212 West Chadfurt, NE 66732;600;394;285
Robert;Schultz;84771448079;6464770337;387 Richardson Gardens Jameshaven, RI 85090;601;328;533
Mary;Lopez;89836778613;2037493191;1122 Desiree Path Zacharyport, OR 60641;602;456;111
Ashley;Kent;85721932244;2715072406;240 Hanna Cliffs Suite 426 Kingbury, NH 50142;603;152;185
Brooke;Lee;86108203545;6446419143;3232 Weiss Fields Morganburgh, OK 06342;604;6;551
Amanda;Norman;82278193312;3165484301;66182 Riddle Prairie Apt. 506 New Jeffrey, MD 06745;605;848;276
Rebekah;Smith;84217656454;2344611657;77364 Rice Mountain Meganbury, UT 47534;606;663;373
Daniel;Fisher;86991102913;5531273792;044 Angela Shore Suite 311 New Michelle, OK 88504;607;631;19
Nicole;Potter;85393237042;4386624242;6412 Hayes Track South Karen, ND 37717;608;238;650
Eric;Steele;84932944532;6955227917;005 Mendoza Rest West Sarah, MI 21951;609;943;756
Scott;Spence;87737068308;2646996271;3008 Cherry River Suite 748 East Tylerhaven, OH 59691;610;968;358
David;Hughes;82286761834;9212055635;PSC 4004, Box 4755 APO AE 10881;611;161;897
Thomas;Page;88321195079;1245508482;647 Lyons Forges Suite 628 Aprilfurt, MS 66447;612;757;173
Jonathan;Pena;83163715062;6322447455;40707 Ford Island Andrewhaven, SD 89577;613;254;597
Kevin;Roy;81095409614;6695566066;73252 Christy Viaduct Apt. 112 Ronaldborough, DC 39031;614;791;203
Timothy;Gonzalez;87504755669;5889209313;99059 Glenn Estates Suite 166 Lesterchester, OK 41658;615;487;193
Jacob;Hayden;83336867948;2057867121;49586 Paul Lake Apt. 199 Wellsborough, ND 56626;616;743;411
Ashley;Acosta;85014945266;6193723658;34938 Morrow Harbor New Davidfurt, DE 83212;617;211;941
Angela;Davila;80563396602;5623174432;29428 Alan Underpass Bryanfort, CA 52455;618;481;832
Juan;Adkins;81036372537;1842920863;008 Kimberly Streets Lisaside, VT 35730;619;385;54
Julia;Carney;84733566383;2122570217;3093 Anderson Parkways North Adam, MN 60913;620;215;816
Robert;Costa;84183690320;3121403650;423 Andrew Islands Lake Carol, FL 73454;621;51;304
Michael;Velasquez;87548809304;2479516258;004 Massey Streets Stevenstad, SD 31905;622;373;594
Robert;Brown;82254437592;3566896746;5797 Maureen Glens Suite 999 Brownburgh, AK 17077;623;668;178
Jose;Winters;84195059826;4425820975;4684 Ashley Point Hayesbury, OR 41645;624;238;949
Amanda;Barber;83323243069;6793209496;USCGC Parker FPO AE 43874;625;507;689
Michelle;Robles;88702126078;8974033645;30009 Michelle Overpass South Elizabeth, AZ 68882;626;719;229
Rebecca;Le;83013036200;2899103407;07397 Garcia Forest Lake Juan, NC 86023;627;280;673
Monica;Ruiz;89206656006;9396054426;3851 Michelle Knolls Apt. 577 Lake Manuel, KY 30212;628;854;593
Joseph;Carroll;81895309099;1869078876;0821 Manning Plain Apt. 420 West Johnside, NH 30005;629;250;442
Allison;Smith;84372887915;8503341460;554 Jeffrey Park Jamesstad, IN 96923;630;602;410
Monique;Taylor;87220874106;1586354087;1305 Carter Square Watsonberg, VT 47077;631;823;293
Shane;Payne;81624669880;1587177836;1058 Paul Canyon Suite 324 Lake Cynthiachester, MI 38701;632;67;190
Juan;Kirk;86478379747;6553319190;536 Danny Centers North Jenniferview, CO 35676;633;973;192
Rachel;Carroll;84389667322;6315816251;30476 Turner Vista Suite 016 Lake Louis, OK 19919;634;398;446
Hannah;Davis;86298690638;5255262091;715 George Brooks Brownburgh, MD 41085;635;771;380
Elizabeth;Davies;88982752985;7182340926;9532 Loretta Vista Apt. 845 East Anthonyville, WA 28873;636;467;40
Christopher;Wood;80980330524;7233976583;91784 William Meadow Apt. 707 Michaelmouth, NC 84255;637;66;658
Justin;Braun;87736351792;9610893282;45631 Keith Ports Apt. 423 South Benjamin, NJ 56031;638;649;141
Sean;Miller;89768395923;3950573283;060 Oconnor Village East Pamelaborough, NY 77209;639;315;950
Charles;Flores;89815196793;2076760284;7463 Dylan Court Apt. 327 Guzmanfurt, MD 40309;640;331;263
Andrea;Scott;80018155070;9320052662;81137 Zachary Orchard North Paula, IA 04959;641;617;482
Amber;Hernandez;88606275391;3102208921;17694 Reyes Canyon Vasquezland, SC 46566;642;689;548
Sharon;Walker;87909143759;4040738124;77412 Jessica Villages Davisbury, IN 84612;643;803;299
Kenneth;Grant;82429760290;4193066782;9227 Scott Burg Apt. 806 Brandichester, SD 64009;644;23;875
Randy;Ferguson;87763767602;7885165871;0274 Steven Rest Suite 943 Kingburgh, CA 40471;645;230;815
George;King;83073952893;2713899121;18729 Rios Gardens Lake Rebecca, TN 94115;646;673;740
Alexander;Stewart;82180922450;4833232387;16312 Hughes Key South Samanthaport, VT 36122;647;579;526
Tyler;Brown;84004235726;1284046340;6850 Vincent Points Lake Michaelfurt, TX 26284;648;727;538
Michael;Leon;86584840865;5353601636;96203 Sanchez Points New Brianland, MS 16546;649;905;879
Justin;Lee;87169778740;8399547439;26275 Grant Road Apt. 479 Susanville, NM 96790;650;676;767
Stephen;Walls;87008780716;1704077167;USNS Taylor FPO AP 74197;651;536;32
Tracy;Norton;80129413774;4438841688;7195 Martha Port Suite 365 Johnsonmouth, DE 59887;652;540;880
Brian;Cruz;82928491441;8299387828;03712 Marc Mill Suite 862 North Ashley, VT 88563;653;537;3
Melanie;Franco;82631721324;6726692047;7133 Angela Bridge New Tina, ID 77217;654;631;349
Kimberly;Marquez;89643038707;5200496615;08499 Jones Pike Kellyville, OR 08049;655;262;547
Mary;Marshall;89309164203;1045731803;27918 Mary Flat Suite 273 Jessicahaven, FL 65965;656;0;535
Haley;Norman;86672239621;6042661436;93610 Thompson Springs West Steven, MD 13528;657;344;749
Regina;Thompson;88496567299;1982450115;100 Bray Shore Apt. 168 Brentborough, WV 33617;658;550;152
Daniel;Hudson;80400847235;4776074884;0115 Carter Key New Kyleview, DE 93404;659;755;603
Benjamin;Powers;87430338700;3603407362;742 Martinez Keys Veronicamouth, UT 27514;660;716;666
Christina;Meyer;88212269843;7650571508;6854 Nicole Burgs Apt. 245 West Thomas, WV 90967;661;191;743
Margaret;Rasmussen;88801296433;3086067361;393 Tammy Harbor Apt. 359 North Traci, DC 26269;662;734;634
Catherine;Mitchell;86240499817;8171467754;29440 Williams Spur Apt. 791 East Jared, HI 43355;663;789;973
Toni;Johnson;81137041744;7586725155;7261 Tyler Pike Suite 366 New Gary, NM 53456;664;114;119
Abigail;Ruiz;87488935714;1031387243;7012 Johnston Pines Suite 912 West Robert, MN 00688;665;427;498
Kenneth;Patel;84488432034;9007875536;67853 White Lights Suite 370 Steinhaven, WY 58041;666;610;310
Leslie;Dalton;83833174823;9616307459;Unit 9244 Box 6397 DPO AA 33272;667;309;4
Isaac;Phillips;85988829868;8665221383;9199 Webb Center Port Robertfurt, TX 79442;668;342;590
Jimmy;Moss;80519691420;6582107669;PSC 8547, Box 5614 APO AE 20982;669;474;107
Emma;Freeman;88305286717;4421575647;Unit 3773 Box 4788 DPO AP 64360;670;799;656
Morgan;Lamb;85186063359;1284619831;81471 Hawkins Keys South Jenniferton, IA 69829;671;219;376
Sharon;Elliott;88766350327;9700361432;8784 Kristi Road Karenshire, MO 03314;672;56;904
Brittney;Morrison;81386639649;5287702316;4124 Katherine Highway Joshuaview, MS 25797;673;119;191
David;Dudley;80392626122;3115127839;20671 David Plaza Reesefort, UT 86368;674;925;977
Cheryl;Hill;85687636307;8764321065;67327 Barbara Path New Mariahview, ME 75732;675;325;597
Thomas;Perry;82869725583;5925876986;4918 Perry Springs Apt. 642 Yvetteborough, CT 89834;676;547;237
Michael;Solomon;87834387776;1812475218;10754 Holmes Roads New Kimberlyland, MN 09700;677;630;734
James;Stewart;86345027728;8512867097;2464 Johnson Hills Apt. 316 West Tabitha, NM 96477;678;513;652
Rebecca;Proctor;88509604645;1376955556;07144 Seth Extensions North Robertstad, RI 93404;679;50;402
Ashley;Clark;86392596425;1625799444;Unit 5014 Box 3613 DPO AE 37399;680;949;260
Susan;Buck;80001521065;3720435851;8550 Kristen Groves Suite 838 Alexanderbury, MS 94185;681;661;712
Gina;Lara;87130977435;3971056632;560 Perry Fords Suite 713 Angelafurt, NY 97423;682;762;335
Shawn;Howard;85446780544;7073858276;81204 Rodriguez Rapid Apt. 796 Hoton, CT 85705;683;919;744
Julie;Butler;86646287710;7659353082;9357 Chelsea Fort Apt. 018 Estesside, AR 52309;684;970;322
Lindsey;Garcia;83851968923;7241297628;PSC 4944, Box 1195 APO AE 52416;685;756;341
Danny;Hunter;86532449787;6407671379;369 Davis Junction Suite 994 Wardtown, OK 41522;686;903;886
Kristen;Cole;80289472608;7347662206;357 Amy Divide North Danielport, IL 88908;687;683;370
James;Graham;88049591617;1894384805;USNS Morrison FPO AA 80822;688;278;556
Robert;Alexander;89827518284;2873368890;4071 Stacey Prairie Molinafurt, IL 17390;689;976;435
Raymond;Donaldson;83089273074;9450696997;9971 David Spurs Apt. 630 West Tammyview, DC 05711;690;318;671
Michael;Mitchell;87979511255;5579187179;USNV Hill FPO AP 59962;691;111;237
Andrea;Garcia;89525815789;6362288679;4111 Leslie Creek Sanchezfort, NC 13803;692;847;167
Kyle;Russell;82078440482;8074432133;1869 Hawkins Ridges Josephshire, SC 82868;693;950;692
Adriana;Howard;85272906123;2529911556;823 Booth Park Apt. 404 Christinetown, NY 79722;694;603;949
Sean;Stevens;83981409395;7692646313;75687 Melissa Springs Apt. 596 Kristymouth, CT 18725;695;120;440
Daniel;Rios;85172931113;2240831766;9571 Angela Locks Moralesland, WY 70763;696;372;333
Stacy;Jackson;86507712299;5172576103;3965 Michael Route New William, IN 56031;697;462;914
Laura;Bell;80690307538;9197049824;USNS Scott FPO AA 69778;698;414;236
Michael;Wong;85503139785;4766161766;14846 Osborne Mountain Mcfarlandberg, OK 85593;699;834;153
Mary;Costa;83128565798;3290301798;95406 Foster Locks Manuelberg, MO 99760;700;888;572
Hannah;Le;86531484255;7415603436;54380 Garcia Pines Courtneyhaven, NV 34764;701;419;885
David;Johnston;80969765641;3572555016;9334 Johnston Falls Caldwellfurt, SC 50086;702;705;410
Steven;Rosario;84647299520;5983566760;55683 Rodriguez Rapids Apt. 222 Lake Danielstad, AK 78579;703;602;300
Christopher;Crawford;87031269450;6061703568;78928 Watson River Lawrenceside, MO 94204;704;607;848
Adam;Bridges;80080625676;1700439739;1040 Matthew Ville South George, AK 14537;705;540;609
Amanda;Moreno;89644224172;6231486588;106 Velez Forges Suite 172 Jenniferton, ND 02929;706;52;914
Nicole;Richardson;88960112417;2327638751;73516 Adams Stream New Mark, WI 52718;707;500;949
Mary;Yang;84492993349;2359911354;949 Blanchard Hills Johnsonmouth, MD 73013;708;783;831
Alexa;Washington;87957729947;6782604423;61997 Brian Drive Acevedomouth, SD 12523;709;210;978
Tiffany;Reed;82953584455;1244051606;3210 Thompson Dam Suite 299 Stephanieborough, MI 51230;710;42;969
Madison;Hernandez;82489712736;1903582791;86161 Martinez Cove Campbellberg, HI 94147;711;180;734
Steve;Cook;87276786536;9788467753;726 Gomez Hollow Lake Timothyhaven, KS 72317;712;915;797
Michael;Gomez;80294229298;1639842242;48388 Mcfarland Mall Suite 989 Brendafurt, AL 58306;713;418;55
Jeremy;Phillips;88892685189;8310592556;439 Sanchez Forge Suite 861 Lindaburgh, SC 78483;714;38;178
Chase;Wood;82747974239;1733433529;34056 Green Lake North Jefferyport, OK 59784;715;728;579
Tammy;Lee;82722184162;8391165804;496 Christopher Locks South Mark, NY 91159;716;801;200
James;Arnold;80141203195;5053259996;204 Kimberly Grove Suite 435 South Shanehaven, KS 58051;717;193;793
Katie;Brooks;88794419895;8869669852;Unit 5049 Box 8152 DPO AA 36267;718;525;523
Daniel;Jackson;83102060336;1332819198;7188 Webb Lodge East Marcusburgh, CT 35489;719;376;446
Jennifer;Dennis;83859554020;6200904544;0646 Kyle Divide Jessicaport, MN 67605;720;454;660
Mike;Garrison;83633899117;8409039390;6423 Bennett Mount Suite 231 West Trevorside, ND 06395;721;454;272
Robert;Spencer;81980770591;3797105440;554 Ellis Summit North Sandra, MN 78711;722;2;50
Alexander;Rodriguez;84608796771;8763308393;7967 Foster Junction Kristabury, MN 39347;723;111;258
Jason;Phillips;89758911614;8461245730;4331 Smith Cliffs Kellyburgh, MO 75183;724;293;77
Shannon;Francis;80743506654;3736711564;999 Harvey Stravenue Quinnchester, KS 18282;725;157;36
Michael;Simpson;86039284671;6107930188;344 Maldonado Lodge West Yolanda, VT 67992;726;578;273
Larry;Parsons;85165434189;7326993289;110 Tyler Gardens Apt. 228 Connieborough, NE 22470;727;174;973
James;Henderson;82313908505;9209357872;601 Jennifer Lakes Apt. 141 North Thomas, CT 88503;728;869;307
Jordan;Hernandez;84974761253;4547091914;4607 Horton Prairie Suite 351 Larryfurt, VA 52416;729;62;15
Ryan;Kim;88469453339;8803565549;PSC 9052, Box 3692 APO AP 17617;730;574;622
Samantha;Walton;88036652688;6299417030;83338 Alvarez Stravenue Apt. 967 Randyshire, ND 01458;731;977;359
Jason;Li;81936347243;9718741233;Unit 4438 Box 8375 DPO AA 48671;732;151;938
Vicki;Santos;87329152695;5084627263;262 Sabrina Light Apt. 916 East Brendachester, TX 48592;733;372;817
Kevin;Dunn;84232178271;5266638222;9665 Cole Key Suite 089 Lake Davidhaven, WY 95561;734;248;215
Angela;Sullivan;86667136981;4739290607;5752 Janice Throughway Hunterburgh, CT 88182;735;35;230
Mckenzie;Baker;86487329814;4550652136;3389 Navarro Centers Suite 595 Amyport, AZ 77260;736;218;983
Sheri;Fuentes;81348859650;8730582941;401 Carter Bypass Port John, VT 71438;737;63;961
Jeffrey;Williams;85053614737;2122756922;2362 Sally Spring Apt. 349 New Jamie, DC 44381;738;505;866
Alyssa;Russell;85317859833;7368366046;333 Michelle Gardens Suite 296 North Scott, IA 65595;739;278;615
Cody;Wilkins;87284579010;5971274987;USS Gregory FPO AP 47886;740;658;365
Emily;Edwards;83058749780;9725082444;3188 Steven Coves Drakeshire, KS 83634;741;895;878
Wendy;Trevino;87959883013;1293278283;23276 Phillip Hills Apt. 347 Goodwinhaven, NM 39153;742;694;275
Cory;Maldonado;83649617518;4623844272;8143 Jodi Park New Nicholas, CA 72444;743;681;832
Michael;Adams;80301946797;2350572568;936 Kristen Shoals North Alexanderview, DC 08937;744;513;57
Brandon;Lee;82044878832;7077900513;703 Charles Plain Apt. 933 South Karen, KS 70106;745;376;385
Sherry;Campbell;86331637098;6131589549;3509 Charlotte Ramp North Steven, SD 07464;746;783;694
Angela;Henderson;87779646486;1667294555;749 Matthew Isle South Marcmouth, PA 63893;747;727;723
James;Mckenzie;81639366468;1984870589;75774 Benson Brooks Johnsonside, CO 06789;748;913;686
Melissa;Chandler;88558376157;9988662867;382 Miller Parks Apt. 884 Port Tammy, LA 74957;749;50;604
Brandi;Steele;86076259743;8057503120;850 Brooke Plain Apt. 014 Gibsonside, CT 23372;750;200;238
Pamela;Phillips;84021077793;7232763072;1726 Perez Causeway North Erinberg, AK 67443;751;719;913
Kathy;Webb;85214378271;7156329825;15676 Fleming Motorway Apt. 660 North Amyburgh, NM 47792;752;627;400
Brandy;Frazier;88962225684;1469629324;1258 Barnett Track East Kellie, CO 38188;753;447;489
Kristin;Conley;86403469351;9720127740;59628 Danny Corners Port Candice, PA 14218;754;502;315
Samuel;Shaw;84939111216;8247441018;48002 Williams Shoal North Lauraland, IA 07481;755;118;248
Tammy;Bryant;86949053721;2414805031;63234 Greg Walk Apt. 932 New Jose, DE 49974;756;991;663
Bridget;Hall;83069613022;9293026492;0913 Denise Square Apt. 405 New Kennethton, OR 45427;757;384;503
George;Lynch;85518957528;2568141141;019 Carter Port Suite 286 Stacymouth, AR 54120;758;207;451
Robert;Martinez;81834477917;6694284052;7009 Cameron Ferry Apt. 987 West Michaelton, NH 36230;759;230;464
Rebecca;Riley;80709908738;3304027343;889 Johnson Mountains Kellytown, AK 85455;760;807;41
Janet;Bartlett;85794328991;2752238395;868 Stone Parkway Suite 377 North Heatherside, LA 29000;761;404;337
Robin;Maldonado;84675740581;3403895030;92661 Hickman Fort South Linda, VT 95466;762;924;789
Robert;Jensen;80687015190;6818786869;2969 Lin Route Port Megan, TN 34719;763;392;752
Marvin;Peterson;89785153449;4724742947;06237 Todd Highway New Raymouth, NE 53314;764;900;951
Kyle;Bailey;87695068131;4044075478;858 David Island South Lindsey, SD 91904;765;117;975
Michele;Meza;84110665641;8295940311;085 Monique Extensions West Victoria, KS 83759;766;749;0
Peter;Matthews;89248727617;7228331097;55927 Daniel Lodge Grahamton, MO 46745;767;961;605
Amanda;York;86633672989;9524271471;69226 Andrew Estates New Ronniemouth, MS 10543;768;495;617
Jacqueline;Miller;88410786979;1358240242;6340 Marsh Dale Suite 028 South Martin, NH 99737;769;912;726
Jessica;Good;85021477280;8969879470;PSC 0750, Box 9725 APO AA 68657;770;807;161
Kenneth;Peters;82932798888;4357016576;PSC 7054, Box 8066 APO AE 85008;771;235;921
Nathan;Charles;83395727903;6385068773;Unit 0309 Box 8648 DPO AP 74587;772;586;603
Richard;Owens;84780667141;4444857008;53350 Gardner Glens New Christina, SC 85725;773;446;816
Daniel;Houston;82979170096;4815321345;502 Hensley Village Apt. 767 South Robertshire, WA 33640;774;263;272
Jesus;Long;87053618040;1246888769;71899 Mcdowell Flats Apt. 807 Lake Deborah, UT 21887;775;342;829
Travis;Barker;84520085732;6751595167;95517 Tammy Ville Jimeneztown, PA 94531;776;679;871
Paul;Wong;83839995176;7353749769;34998 Alexander Neck Kimberlytown, DC 53385;777;851;61
William;Barron;81065891806;8375926888;46495 Emily Ports Apt. 315 New Dwayneberg, TX 43029;778;427;746
Lori;Dean;86606463309;9947210868;997 Mark Rest Catherineland, CA 49182;779;359;93
Shawn;Thompson;88754196165;3818464283;109 Jeffrey Coves Jamieborough, MT 84143;780;224;559
Steven;Martin;84532716233;3582370659;192 Johnson Squares Williamland, SC 59058;781;861;873
Paul;Garcia;89434891053;1866554927;4799 Shaw Extensions Justinbury, IN 43114;782;566;294
Jessica;Price;80490615496;9616679998;Unit 9600 Box 3071 DPO AP 22673;783;404;267
Nancy;Ball;88332199453;8911986299;Unit 5576 Box 5104 DPO AE 03672;784;901;140
Eric;Bowman;80722215388;5537857586;Unit 6405 Box 3458 DPO AA 79899;785;358;739
Jessica;Paul;89441021716;1387874600;160 Larson Lodge Apt. 604 Campbellmouth, HI 26313;786;3;340
Valerie;Johnson;84471090618;4476193036;54200 Amanda Extensions Apt. 821 Lake Jamie, WI 58698;787;489;589
Kenneth;Murphy;85633027675;1236645054;PSC 8645, Box 2446 APO AE 98504;788;678;692
Gabriella;Sanchez;82348344752;2562409112;549 Elizabeth Brooks Duaneside, WV 22964;789;254;757
Angela;Wells;80543797662;1185796205;5667 Rebecca Harbors South Juanmouth, MT 13736;790;837;392
Jeffrey;Santos;80051084289;9202124786;13376 Fleming Flat Nicoleberg, NM 77074;791;51;420
Lauren;Murray;85320489903;8821973299;234 Shane Vista Apt. 597 Grahammouth, WA 36510;792;868;208
Amber;Patterson;88321906451;2272874433;891 Jessica Manors Suite 019 Robertsbury, WI 76078;793;870;769
Bryan;Neal;89218096010;5000104450;PSC 7606, Box 8300 APO AA 51254;794;396;848
Kenneth;Burton;88506339689;4094027462;41895 Steven Falls Apt. 115 Castillostad, MS 19286;795;886;699
Aaron;Clark;82200051533;9443928070;018 Davidson Garden Fergusonview, NY 91918;796;538;22
Debra;Mahoney;80870520570;8670386737;1732 Garcia Burg Apt. 110 Lake Ruben, RI 74059;797;521;330
Kenneth;Smith;87990636470;9541765377;5202 Daniel Valley South Veronica, GA 87966;798;571;906
Christian;Casey;89739858723;4099072856;3145 Ashley Course Suite 303 Fraziermouth, MS 39023;799;341;195
Brandy;Perez;87727852797;9306410450;9444 Mccarthy Spring New Jennifer, ND 75969;800;894;817
Sharon;Tran;80419740258;1002003451;195 Stephanie Passage East Stephen, IL 09093;801;37;400
Joseph;Freeman;83270638685;3331078590;Unit 1817 Box 3166 DPO AE 75363;802;570;753
Michael;Taylor;84744989057;2269133730;347 Hernandez Crossing Suite 752 Nunezport, WV 83169;803;312;450
Terri;Walsh;86178083343;7460220320;4396 Daniel Extension Apt. 013 North Kristin, CO 49879;804;405;114
Debra;Williams;86296709980;8382846518;814 Rhodes Forges South Brian, VA 09544;805;924;39
Rachel;Chavez;80084560912;1551464000;434 Travis Radial Suite 531 Ashleyview, TN 23786;806;628;582
Shannon;Anderson;84917106928;6294186414;21012 Moore Divide Manuelton, NC 96330;807;237;809
Lisa;Alvarez;81992598596;1110568503;Unit 3045 Box 7503 DPO AP 46863;808;302;634
Debbie;Peck;89221631332;9287539851;9081 Roberts Wells Elizabethville, HI 20417;809;378;832
Earl;Johnson;86030392807;7713888107;5686 Kenneth Heights Suite 824 Port Andrewstad, SD 24078;810;303;707
John;Bridges;80548552286;8999759947;0391 Watson Mills West Benjaminberg, AZ 87334;811;862;232
Sara;Glover;89323240768;7275415768;136 Elizabeth Row North Danny, OR 24426;812;996;436
David;Stanley;80147446283;2532077462;USCGC Wells FPO AP 14684;813;833;795
Rebecca;Keith;83482099749;5597416255;0152 Timothy Meadow West Mark, NY 51343;814;256;739
Kim;Gonzales;89289310312;7630848994;8696 Henry Viaduct North Jaystad, WV 12178;815;821;207
Amanda;Powell;84943843941;4552896152;995 Maria Trafficway New Emilyville, HI 54294;816;147;644
Travis;Burgess;89435322495;9626622585;5784 Webb Street West Lisa, WV 07812;817;745;242
Randall;Daniels;81312513419;8763543511;59868 Steven Falls Apt. 800 North James, IL 62921;818;102;29
Jessica;Haynes;85504416594;9002965445;367 Kenneth Mission Apt. 520 Weberville, IN 75304;819;275;309
Jose;Landry;80696608684;6726521375;9260 Leroy Loop East Aliciaburgh, OR 22494;820;732;250
Crystal;Castaneda;86294579395;2063751560;64284 Sean Throughway Apt. 162 Kathleenport, WI 42670;821;80;363
Brittany;Rogers;82933581891;1541149255;50834 Nicholas Mission Apt. 460 Lake Dylanburgh, SC 41145;822;33;230
Cynthia;Estrada;89140562394;8845885672;6108 Hawkins Junctions Suite 242 Brownshire, WY 36858;823;754;877
Jeremiah;Farmer;89063743082;7040607858;835 Miller Pines Lake Mark, DE 80322;824;701;404
Morgan;Coffey;87611169604;5063786783;6380 Knapp Bypass Weberchester, RI 27304;825;402;937
Tabitha;Pruitt;81168135920;7114498699;16517 Megan Brook Clarkborough, DC 10725;826;911;365
Stephanie;Hinton;88426452163;3667256583;PSC 5728, Box 7699 APO AP 64446;827;300;714
James;Perez;85753129539;4686808468;206 Steven Grove Suite 930 Brittanyburgh, NH 22101;828;409;450
Joy;Frost;84941766698;1152339835;12225 Aaron Ridges Suite 868 New Frankfort, LA 61629;829;429;811
Bonnie;Harris;86258737661;2802024963;30618 Dustin Inlet Apt. 385 Port Codyport, MT 67871;830;916;320
Melanie;Martinez;88661877354;6766638512;56850 Wilson Squares Fitzpatricktown, IN 56440;831;191;410
Anthony;Williams;81177315744;2589334702;11859 April Lights Suite 368 Phillipmouth, WI 37370;832;60;120
Maurice;Wade;86452590720;5098296160;1414 Dixon Plaza Suite 143 Christopherborough, CT 25728;833;32;886
Adam;Wu;80654371440;3307726326;0585 Moore Manor Abbottshire, IA 58591;834;17;312
Kelsey;Powell;81923180287;1987920586;78538 Miller Loaf South Rebecca, OR 61119;835;821;31
Cameron;Estrada;82311257219;1834872825;PSC 8636, Box 9510 APO AP 87780;836;11;824
Samantha;Kane;81696381978;6610900637;08426 Barton Spurs Jessicaside, WV 83194;837;256;846
Christian;Shea;89937900945;1501519481;37314 Jordan Row Apt. 522 Emmafurt, ME 08189;838;198;327
Jennifer;Blackwell;83324608077;2186810562;093 Elizabeth Inlet Howardland, NV 96609;839;566;695
Antonio;Greene;89946324280;1014495610;103 Parker Springs Lake Thomasview, LA 69930;840;855;549
Lauren;Holmes;84335383780;2963551624;744 James Plains Nealhaven, MN 05996;841;810;921
Tiffany;Johnson;81731715901;7750742111;55812 Fitzpatrick Neck Apt. 669 New Christopher, NY 93428;842;543;469
Luke;Peterson;80037026439;5155976163;335 Kennedy Ville Apt. 817 West Morgan, OK 33458;843;358;898
John;Jackson;85158347805;4647945021;391 Kaufman Mall Suite 969 Ariasfort, ND 12360;844;598;704
Gerald;Montgomery;80674168705;6350207129;63190 Roberts View Suite 645 Whiteberg, GA 99398;845;255;934
Oscar;Fry;81231555315;4568420315;USS Mckinney FPO AE 80814;846;543;478
Elizabeth;Smith;81249329232;1229016209;765 Mccoy Trace Suite 269 West Ronald, ME 13753;847;103;860
Jeffrey;Edwards;89748483800;7992071715;650 Taylor Tunnel New Johnland, CO 61290;848;967;644
Colin;Ford;89980709598;4734569406;191 Woods Island East Maria, SD 18629;849;280;134
Karla;Chen;85408782223;4441587262;USCGC Wood FPO AE 22073;850;341;56
Lauren;Richardson;80577985174;7303199470;2608 Foster Mountain Suite 955 Johnhaven, GA 41531;851;562;507
Sharon;Graham;89538929941;8342017839;692 Hill Extension Apt. 885 South Misty, CA 76751;852;643;277
Kristina;Mathis;82206190330;3181171671;7855 Clarke Ramp Port Sandra, WV 34038;853;123;562
Samuel;Lang;81349305547;2240451607;00747 Shawn Loop Beckshire, TX 56512;854;404;799
Kevin;Gonzalez;88861151495;5001176273;5978 Justin Circles Suite 478 Jameston, WA 97341;855;325;319
Tyrone;Harvey;86393095447;3695658463;718 Lauren Ports Boydland, TX 23844;856;834;596
Patricia;Thompson;84867251717;5455913748;58724 William Hill Apt. 904 Whiteport, MN 99811;857;855;616
Michael;Moran;89221371071;3413822951;43428 Martin Crest Apt. 361 New Erin, OK 95468;858;255;989
Jerry;Johnston;81394097526;4611672019;8833 Mike Trafficway Michaelhaven, ND 25542;859;591;38
Aaron;Patel;81228074598;5397761056;USNS Harris FPO AP 39934;860;576;344
Bryan;Stokes;86345862977;6530894949;87171 Marcus Brook Carrieberg, CO 07646;861;384;357
Monica;Ruiz;87760938340;6895784409;93131 Lewis View Joshuaside, CO 84839;862;828;571
Adam;Monroe;88401300038;1556561391;316 Kevin Parkway Patrickbury, NJ 24676;863;906;106
Stephanie;Lewis;82406698293;6062891327;18275 Hudson Spurs Frankport, IL 87884;864;386;0
Denise;Shields;83921937597;1104953788;510 Morgan Passage Lake Christopher, NH 89035;865;973;339
Regina;Hoffman;82771677974;2739577942;48642 Shelton Mission Apt. 584 Kellerfort, VT 32133;866;291;696
Megan;Patterson;88124078727;5445849480;88955 Jackson Hills Hineshaven, MA 53948;867;98;890
Courtney;Baker;83841876818;2756983950;269 James Locks East Brianton, IA 76202;868;980;677
Pamela;Little;82289278560;4183108209;1381 Myers Shoals East Tonya, AR 21124;869;966;431
Derek;Jenkins;89235009016;8059931874;781 Weaver Glen Suite 775 Robertsonstad, VA 25179;870;99;461
Timothy;Brown;87343980264;2106829527;89581 Taylor Summit Suite 708 Robleston, AL 75822;871;194;887
Kayla;Martin;87982807640;7182374636;706 Perry Port Brianland, LA 90234;872;775;358
Theodore;Anderson;83850200302;3745792046;PSC 4018, Box 9873 APO AA 37428;873;410;902
Elizabeth;Mcfarland;81313961991;5040143313;81702 Jake Drive Suite 855 North Williamhaven, RI 50074;874;996;535
Jeremy;Lawrence;88964451601;3972425747;6458 Mendoza Centers Apt. 176 Lake Curtischester, VA 33294;875;811;438
Mary;Tran;80404173199;3663937448;023 John Ranch Apt. 073 South Briantown, CT 81782;876;664;385
Gail;Campbell;83785087666;5892250137;01676 Quinn Ford Maldonadoside, KY 93711;877;435;522
Kristin;White;89535904425;6278897518;3937 Julie Pines Apt. 745 Michaelhaven, NV 39314;878;845;173
Joseph;Webb;87895747729;7648205126;10472 Morales Way Suite 687 Garzamouth, VT 60685;879;439;722
Shannon;Mclean;86657547889;7178700552;PSC 9896, Box 5867 APO AP 27044;880;437;209
Amanda;Lewis;86269475608;4139524650;995 Turner Key New Chelsea, ND 16898;881;968;507
Michael;Gilbert;82012328895;8681607966;24894 Julie Stream Suite 891 South Desiree, ID 12287;882;996;989
Adam;Hoffman;81114657791;5605226191;79045 Lindsay Views Port Heidi, WI 23471;883;76;114
Cody;Padilla;81407112738;9943727882;Unit 2263 Box 6959 DPO AA 53641;884;768;940
Isaac;Ramirez;89573983666;3976565238;093 Andrews Motorway Lake Kevinview, GA 41241;885;838;718
Benjamin;Thompson;89103924839;5332872494;64112 Elizabeth Port West Dannyville, IL 69325;886;831;638
James;Adams;85711413888;4372391477;8879 Jill Walk Suite 706 East Benjaminberg, DE 62031;887;765;522
Thomas;Owens;82879371198;7229206616;29046 Michelle Port Suite 834 South Allison, FL 82345;888;158;392
Brian;Ross;80613499409;4828815532;9397 Kimberly Inlet Lake Allison, KS 52138;889;828;920
Jason;Hernandez;85773470103;3090142182;462 Murphy Passage Apt. 864 New Debraport, NH 41312;890;312;630
Jean;Jackson;87089672720;9558900624;2629 Alyssa Gateway Suite 479 East Travisburgh, MI 18804;891;510;880
Charles;Rogers;80756878919;3402251193;0058 James Islands Apt. 767 Port Christopher, FL 10992;892;359;800
Haley;Soto;80695938185;8384736385;93165 Logan Tunnel North Mark, WA 14127;893;816;482
Christina;Ryan;87117599555;7666518522;4522 Campbell Expressway Jeremyborough, OR 76165;894;86;190
Austin;Escobar;87996743895;4172541113;96264 Torres Mountain North William, KS 56504;895;84;374
Karen;Garcia;89227222361;2429751967;Unit 1139 Box 3387 DPO AP 42828;896;170;43
Dustin;Hays;88834413695;4458106788;65375 Daniel Lane Apt. 080 Robertburgh, MA 15567;897;268;402
Suzanne;West;81054488463;8760578161;7446 Corey Springs Apt. 737 Millerbury, GA 68552;898;372;864
Christopher;Carpenter;88924807802;3283811061;090 Lee Port Apt. 840 South Michael, WV 43449;899;109;486
Jeffrey;Williams;85394884047;2764148159;953 Julie Lakes Apt. 225 Taraview, NY 83734;900;889;223
Gary;Marks;84602369310;7299705314;2159 Patricia Drive Suite 522 East Robertchester, WI 42324;901;64;713
Amy;Mills;86681472291;8033739931;4843 Brenda Causeway Suite 210 North Shannonland, UT 45980;902;259;0
David;Price;88118443499;5290160356;433 Samuel Lakes Merrittville, OR 84269;903;800;816
Melissa;Macias;80775968925;1573865031;16464 Reed Drive Apt. 928 North Kristi, TN 49670;904;972;490
Michelle;Zamora;81293941174;3408377159;8585 Johnson Hill Suite 700 East Emilychester, PA 16947;905;752;668
Kathryn;Randolph;80837764790;6201118757;Unit 9459 Box 7973 DPO AP 79106;906;393;201
Karen;Middleton;82517311501;3720014760;86644 Taylor Ville Theodoreburgh, CA 58297;907;48;172
James;Ochoa;86200455194;1316146226;417 Carlos Plains Apt. 884 Priceborough, KY 13171;908;106;382
Kara;Marks;84217627958;7028399141;29728 Marvin Canyon Judyland, MS 67266;909;418;875
John;Hays;83987924918;9077112703;0650 Morris Vista Ryantown, WI 38670;910;392;580
Amanda;Johnson;83283506650;4932323728;5380 Brianna Drive Apt. 229 North Tanyaland, NE 24083;911;167;716
Jeremy;Ross;81126838111;3604286435;74544 Marc Mountain Port Heatherport, VT 24643;912;531;37
Andrea;Krause;86048079654;5721603804;1021 Leslie Route Apt. 241 North Carolview, ND 66147;913;401;154
Anthony;Baird;83069350902;1096886534;7683 Lucas Rue Robynchester, AL 76020;914;578;984
Benjamin;Jones;89292609834;2794219535;72067 William Freeway Audreychester, PA 63803;915;91;635
Anthony;Huff;80825910540;9955547587;431 Sarah Knoll Apt. 965 Cristinaborough, ME 04248;916;625;742
Douglas;Stewart;86084503996;6177613484;6536 Baker Land South Nancy, SC 20994;917;313;223
Rebecca;Hensley;84652846662;2212219223;0132 Bishop Mission Apt. 994 Jerrymouth, AZ 50471;918;280;219
Sophia;Solomon;82721415320;8294482950;54323 Alexander Street Thomasmouth, NM 77372;919;149;843
Christine;Hood;85464913373;4311211895;6961 Burke Turnpike Suite 911 Gibbsmouth, CT 01410;920;919;693
Megan;Murray;85303791013;5633368385;19898 Austin Mount New Vickifurt, FL 71960;921;837;475
Luis;White;87564815403;5245029718;7313 Kathryn Ports Suite 218 North Brittany, WI 03375;922;316;532
Terri;Mcbride;84341172495;3893430692;91599 Vasquez Vista Suite 969 New Amberchester, AL 14780;923;469;158
Rebecca;Lawrence;89029102462;3497313039;332 Yolanda Island Apt. 922 Kirkburgh, NJ 78478;924;154;411
Eric;Dunlap;84148688883;8374433658;8683 Reed Circle Suite 553 East Bobbyport, IN 54137;925;94;258
Kendra;Shannon;80582309240;6414613998;PSC 4096, Box 0789 APO AP 93672;926;415;791
Elizabeth;Gonzalez;88281855968;9111334431;9149 Douglas River Markmouth, IA 51015;927;76;76
Michele;Ho;81825958735;5100121747;67375 Christine Groves Lake Carmen, SD 53089;928;932;179
Steven;Sampson;85998191672;4106138026;227 Mathews Islands Angelaland, MD 20909;929;440;605
Timothy;Welch;80420613598;8771793982;49384 Jason Branch Port Johnview, AK 35600;930;500;894
Eric;Decker;85795414381;7898280697;905 Mackenzie Groves Suite 609 South Amber, NV 84365;931;972;832
Tammy;Miller;80969570816;5338606010;91519 Martinez Bypass South Sarah, OR 79833;932;338;105
Lacey;Friedman;85444536220;2602288076;425 Gross Fords Smithhaven, AL 78148;933;95;629
Robert;Ruiz;86329649835;1871040274;5352 Juan Route West Logan, NV 13504;934;196;820
Katherine;Jennings;88098629815;6284973748;PSC 0675, Box 0053 APO AE 00690;935;329;830
Teresa;Singh;80602810183;5207249513;42591 Raymond Square Blankenshipmouth, HI 21551;936;415;648
Sherri;Grant;85571005523;8580574276;91932 Natalie Spurs Apt. 961 New Stacy, ME 07610;937;25;360
Jay;Mason;84939332215;7730980472;258 Nicole Mountain Benjaminberg, CT 87343;938;634;614
Caroline;Holland;80405383552;5502163324;3882 Hill Spur Apt. 828 Turnertown, WY 21872;939;166;875
Nicholas;Johnson;83195136995;2569727819;87319 Cummings Greens North Scottshire, SC 73548;940;555;355
Gabriel;Young;81672036918;3454486211;49245 Mitchell Flats Suite 486 Walkerchester, OR 22942;941;331;410
Suzanne;Duffy;81870894585;9984347070;17913 Thomas Shores Apt. 618 North Jamiestad, MN 13098;942;611;655
Kathleen;Adams;84238277091;2845237535;91156 Amanda Vista Apt. 588 Port Roy, NJ 35996;943;670;168
Jason;Hernandez;87214893310;2935325868;89549 Hall Extensions Suite 671 New Marybury, RI 65711;944;115;588
Kimberly;King;86707880416;9145182288;0939 Michael Mount Lake Andrew, NV 45207;945;269;623
Matthew;Johnson;88711203796;4505342909;013 Smith Lodge Suite 665 South Natalie, AZ 25104;946;486;95
Lindsay;Morgan;83885800696;4571679315;360 Cruz Street Pagebury, NC 47634;947;191;941
Melissa;Snyder;88200387732;1002314097;7076 Keith Prairie Leton, TX 44531;948;607;652
Terri;Smith;81679746935;9932097450;270 Cox Alley Robertshire, NM 75770;949;379;432
Jerry;Powers;83480763269;6386636413;692 Cervantes Avenue North Lauren, VT 64345;950;288;923
Nicholas;Bishop;89103748387;4455178943;967 Ramirez Village New Nathan, NY 28197;951;306;369
Lori;Thomas;88656255921;2552747495;65878 Hernandez Mountain Suite 923 Kaylaside, CA 35027;952;108;393
Jessica;Brown;88551255169;6055812358;Unit 0066 Box 5040 DPO AA 41084;953;983;499
Regina;White;80732079930;6266164442;621 Malik Ranch Suite 956 Louisburgh, VT 64066;954;967;654
Christopher;Reynolds;88958985881;4548130711;4042 Krista Track Port Daniel, RI 52264;955;771;688
Jennifer;Erickson;88944025954;6306252790;09564 Jefferson Trace East Erikaville, WA 12644;956;222;390
Sylvia;Williams;80228500820;9486389723;4220 David Orchard West Nathan, AZ 96468;957;991;408
John;Flowers;88462263676;1115623766;149 Herrera Plaza Suite 940 Moranstad, NM 03123;958;398;725
Steve;Powell;86499743056;1725258306;Unit 7947 Box 4445 DPO AE 08176;959;583;720
Mark;Gillespie;82652281801;9239639001;12386 Hines View East Shellyshire, SC 46521;960;958;581
Robert;Barton;84969292427;9672392384;770 Huffman Row Suite 335 Perezmouth, NY 70299;961;518;686
Alexis;Bruce;83818682411;4733681266;541 Barbara Knolls South Chris, MA 05336;962;605;705
Maria;Gray;86182871795;9318658572;6012 Daniel Common Huntville, LA 55006;963;923;383
Peter;Roberts;86245826896;1398872035;4136 Harrison Stravenue Apt. 150 Albertburgh, WV 77970;964;24;746
Lindsay;Evans;81292911487;8995940373;52790 Davis Terrace Port Lisaburgh, IA 49003;965;519;933
Tiffany;Gill;82218278993;1902006570;71389 Jasmine Parkways Suite 979 Bonnieport, DE 30064;966;966;425
Kendra;Bolton;88753526826;2532731877;77250 Jeremiah Mission South Natasha, OR 29576;967;751;626
Gabriel;Webb;83375180985;2555810679;9436 Brent Road Suite 188 Timothyberg, NJ 72142;968;997;699
Kimberly;Gordon;83428810395;5013776447;320 Kevin Burg Michaeltown, WI 39302;969;630;744
Robin;Bailey;85571474874;8254739330;19231 Zachary Islands Suite 211 Campbellberg, GA 41022;970;250;781
William;Villarreal;89691091787;1603413217;940 Lowe Estate Apt. 477 West Thomasshire, CO 53532;971;59;494
Phillip;Decker;82768980349;4820730935;7224 Paul Villages Suite 703 North Shannon, MI 69868;972;301;470
Anna;Lopez;81518162306;2216861643;4078 Stephanie Avenue South Joseph, AR 56912;973;369;155
Jacob;Gonzales;85582466456;3000961141;USNV Schwartz FPO AA 92583;974;508;437
Beth;Avila;86921862321;2284919911;5423 Santiago Shore Apt. 000 Lichester, DC 96833;975;598;242
Jacqueline;Miller;89729809429;5140884395;926 Philip Orchard Jonesberg, GA 61118;976;559;107
Peter;Randolph;83245771862;3184336694;Unit 8408 Box 7024 DPO AE 73397;977;597;580
Maria;Franco;89498918555;4440898043;519 Evelyn Mountain Suite 932 New Benjamin, KS 20411;978;167;696
Thomas;Jenkins;84933272921;1741028594;325 Keith Fort Lisamouth, MO 38585;979;115;541
Sandra;Wright;88655559396;9611686223;26587 Turner Unions Townsendmouth, CA 39844;980;697;935
Alan;Jones;87018539282;5204832797;3860 Arnold Views Jenniferport, KS 77167;981;921;525
Kenneth;Duran;87218760157;1110617444;142 Duncan Junctions Suite 753 East Jamesbury, ND 12617;982;376;600
Nina;Hines;85334225698;3668922222;138 Krueger Forges New Jacob, FL 78087;983;67;465
Lorraine;White;84320259509;6117388851;2930 Tyler Creek Norrisshire, OR 38973;984;247;18
Matthew;Gutierrez;89119797986;9341524819;57076 Amber Point Apt. 872 Pattersonville, FL 69845;985;419;33
Katherine;Buchanan;81268181921;9661811560;4496 Martinez Ports Apt. 131 Lake Lisa, ME 51011;986;67;565
Danielle;Tyler;81159401117;9480501373;2167 Laura Cliff Randallstad, OK 56986;987;99;677
Ronald;Bradley;89734260317;3345145668;6833 Christine Cliffs Apt. 391 Port Heidiborough, CA 74119;988;387;937
Susan;Cook;89282850313;3662279651;40363 Santana Harbor Suite 933 Grayport, DE 75315;989;346;456
Jennifer;Willis;82554760241;9331570060;Unit 2076 Box 6596 DPO AP 86368;990;531;74
Samantha;Patterson;80845436429;2635977054;807 Paul Union Apt. 796 Paceport, MI 52816;991;563;763
Amanda;Alexander;86252214134;6263595817;811 Christina River Apt. 608 Annettestad, WA 32649;992;271;742
Pamela;Conrad;84100207452;1993171398;PSC 5869, Box 4007 APO AP 51953;993;933;720
Mark;Martinez;83371573501;6844411565;6466 Faulkner Centers Kathyport, VT 57504;994;72;995
Barry;Harrell;86807418102;9461477916;7902 Beth Valleys Suite 885 East Joshua, NJ 85976;995;147;534
Jennifer;Brown;86740389090;7007190919;292 Marissa Lake North Wendytown, GA 45235;996;606;316
Jessica;Davis;85096330553;5392210804;5339 Ferrell Brook North Whitneyshire, WI 52807;997;898;482
Hannah;Murillo;87137892080;2120436478;2141 Tina Valley Johnland, KY 34718;998;346;32
Sandra;Floyd;88447771058;9163570551;56352 Lisa Mountain Port Michael, LA 01002;999;852;28
Steven;Mullen;84678071715;9807128314;585 Miller Centers New Stephanie, NH 92182;1000;52;789
